DATE,OPEN,HIGH,LOW,CLOSE,NO. OF SHARES,NO. OF TRADES
30-04-21,97,101.4,96.15,98.85,4388724,20489
29-04-21,98.9,100.2,97.45,97.7,3606525,16428
28-04-21,98.9,99.1,97.7,98,1476720,5693
27-04-21,97.45,98.55,96.6,98,1285251,4668
26-04-21,95.75,97.05,95.5,96.3,1235955,4822
23-04-21,94.2,96.85,93.4,95.65,3738662,14516
22-04-21,93.3,94.95,92.55,94.3,1467245,5512
20-04-21,95.6,96,92.3,93.5,1805542,6309
19-04-21,93.3,94.95,91.8,93.55,2443729,8826
16-04-21,95.2,97.95,94.05,97.15,2387053,8087
15-04-21,95,96.7,93.3,94.05,2257630,8094
13-04-21,92.75,96.3,91.6,95.8,5018997,14943
12-04-21,101.4,101.4,89.95,92.2,7940870,30715
09-04-21,105.65,106.15,103.05,104.05,1901006,6674
08-04-21,105,106.7,104.2,104.9,2071623,6064
07-04-21,104.1,105.6,101.75,104.1,1889305,6780
06-04-21,103.6,107.25,102.35,104.65,3336166,9318
05-04-21,105.3,105.5,100.5,103.35,3158517,10253
01-04-21,104.2,105.5,103.45,105.05,1927846,5346
31-03-21,103.5,105.8,102.8,103.2,2071493,7975
30-03-21,105.4,105.45,102.8,103.5,2625657,7700
26-03-21,100.55,104.3,100.1,103.45,4427665,12217
25-03-21,101.4,102.25,96.55,98.6,4314483,16688
24-03-21,103.3,105.65,100.8,101.25,3384961,9869
23-03-21,105,106,104,104.35,2786915,7911
22-03-21,105.25,106.5,103.8,104.75,6602868,27796
19-03-21,100.3,104.75,96.3,104.2,6388456,20905
18-03-21,105,106.55,96,100.5,10610248,51172
17-03-21,109.85,110.55,102.5,103.4,3127373,13726
16-03-21,112.15,112.4,109.15,109.65,4329946,20509
15-03-21,114.95,114.95,108,111.55,7180052,23213
12-03-21,108.7,114.45,107,113.25,14264013,58623
10-03-21,109,109.3,105.85,107.4,3718024,17015
09-03-21,110.2,110.7,104.7,107.05,7014816,24721
08-03-21,109,111.9,108.25,109.05,3397852,13711
05-03-21,111,111,104,107.3,7715904,39194
04-03-21,104.6,114,102.8,109.35,9239193,29952
03-03-21,104.75,105.5,102.5,105.25,6809879,33606
02-03-21,100.45,100.8,98,100.4,3783572,11407
01-03-21,97,99.55,95.65,97.8,4133060,11742
26-02-21,95,96.45,93,95.1,6827744,22338
25-02-21,94.7,97.6,94.45,96.05,6679096,16300
24-02-21,92.9,94.5,89.1,93.9,5910232,20536
23-02-21,90.05,93.3,89.8,92,3443604,7781
22-02-21,91,92.5,89,90,3657308,18651
19-02-21,93.15,94.85,89.4,91.15,10151087,13407
18-02-21,92,94.05,90.3,93.1,2424159,7030
17-02-21,90.55,92.45,89.9,91.1,3605240,10123
16-02-21,87.4,91,86.65,90.25,2508082,6974
15-02-21,88.2,88.9,86.35,86.65,1364364,5467
12-02-21,87.8,88.4,86.05,87.3,1018307,3388
11-02-21,88.5,89.25,87.5,87.75,1834067,8603
10-02-21,88.25,89.95,86.45,88.2,2502611,6848
09-02-21,90.05,90.35,86.4,87.15,1736875,6691
08-02-21,87.6,91.65,87.6,90,3650025,9759
05-02-21,91,91.5,85,87.4,7665636,36614
04-02-21,85.2,90.6,84.55,89.65,5313859,17409
03-02-21,84.05,85.45,82.2,84.2,4255011,17039
02-02-21,82.4,84.1,79.7,83.6,2404196,8287
01-02-21,76.9,81.15,74.5,79.85,2544260,6904
29-01-21,78.3,78.8,74.9,75.4,2622860,12835
28-01-21,75.4,77.85,74.5,77.2,3071837,6518
27-01-21,80.7,80.7,75.65,75.95,1603467,6614
25-01-21,84.9,84.9,78,79.2,2619411,9604
22-01-21,83,83,77.95,79.35,2362521,7964
21-01-21,85.45,85.7,82.3,82.95,1072998,3678
20-01-21,85.8,86.45,84.15,84.75,1710788,7864
19-01-21,83,85.7,82.55,85.45,2707593,9427
18-01-21,85.45,85.75,81,82.15,2063732,6253
15-01-21,86.4,87.95,84.35,85.5,3137579,13120
14-01-21,85.85,87.1,84.95,85.95,1718344,7541
13-01-21,87.2,87.7,83.8,85.85,3606986,14819
12-01-21,83.3,87.3,82.7,86.05,3841139,15847
11-01-21,83.3,84.1,82.15,83.3,2169846,9347
08-01-21,84.5,84.6,82.65,83.05,2370260,5717
07-01-21,83.1,83.6,81.5,81.85,2718025,10313
06-01-21,82.45,83.45,80.8,82.45,3382093,11924
05-01-21,77.6,82.2,77.6,81.15,4762932,12963
04-01-21,77.6,79.6,77.6,79.25,2314513,9017
01-01-21,75.9,77.7,75.8,77.35,1672380,6164
31-12-20,75.6,76.45,75.35,75.65,702868,2729
30-12-20,77.2,77.2,75.25,75.75,1291894,6394
29-12-20,78,79,76.25,76.55,2133249,9399
28-12-20,75.45,77.95,75.2,77.2,1532648,5149
24-12-20,74.55,75.6,74.25,74.4,1724025,7116
23-12-20,73,74.4,71.55,74.15,980685,4395
22-12-20,68,71.9,66.7,71.6,3625177,16166
21-12-20,76,76,66.4,69.1,4876853,20547
18-12-20,75.25,76.45,73.6,76.15,2553825,6922
17-12-20,76.45,76.7,74.7,75.2,1841616,2893
16-12-20,75.45,76.5,74.65,76.15,2098929,3914
15-12-20,73.45,75.4,72.55,75.15,2968170,8550
14-12-20,73.2,74.1,72.85,73.45,1448570,2636
11-12-20,73.45,74.1,72.2,72.8,2306227,3988
10-12-20,72.7,73.45,71,72.6,3001118,9034
09-12-20,72.9,75,71.95,73.15,6022387,15372
08-12-20,73.2,73.2,70.25,72.05,2918455,5668
07-12-20,72.9,73.35,71.2,71.6,3134581,11380
04-12-20,71.5,73.6,69.4,71.65,4811985,13856
03-12-20,68.5,69.65,67.6,69.2,2601564,9597
02-12-20,69.15,69.7,66.75,67.95,3092398,5389
01-12-20,65.45,69.35,65,68.75,3942270,14555
27-11-20,63.35,65.25,62.4,64.95,2014074,5747
26-11-20,62.2,62.7,61.15,62.35,2647605,6389
25-11-20,60.55,63.85,60.3,61.5,6240012,16446
24-11-20,59.65,60.15,58.4,59.95,1449313,4444
23-11-20,58.55,59.7,57.85,58.85,1671148,4017
20-11-20,59.3,59.85,56.7,58.1,1831138,5021
19-11-20,60.55,61.45,58.8,59.2,2028172,6264
18-11-20,57.9,61.2,57.8,60.65,3896896,10345
17-11-20,56,58.15,55.95,57.65,2145376,5520
14-11-20,55.8,56.25,55.65,56,131868,698
13-11-20,55.25,55.75,54.6,55.25,1564984,1755
12-11-20,57.25,57.5,55.3,55.5,2082301,4011
11-11-20,57.65,58.5,56.7,57.3,3384875,4857
10-11-20,55.5,57,55.2,56.65,4117812,6535
09-11-20,55.5,55.55,54,54.95,1035916,1644
06-11-20,55.1,56.75,54.5,54.65,3048880,5100
05-11-20,53.5,55.8,53.5,55.35,1715398,2643
04-11-20,53.65,53.95,52.35,53.25,994843,1208
03-11-20,52.95,53.85,52.7,53.6,743547,1942
02-11-20,52.9,52.9,52.05,52.65,327814,637
30-10-20,52.55,52.9,51.65,52.15,654688,2621
29-10-20,52,53.1,51.65,52.15,1073384,3212
28-10-20,54.4,54.4,52.95,53.1,1079549,1578
27-10-20,54.45,54.45,53.05,53.7,835802,1234
26-10-20,55.25,55.65,53,53.85,1693529,3571
23-10-20,55.75,55.75,54.7,55.25,531742,1249
22-10-20,53.1,55.5,53.1,55.05,1065663,2366
21-10-20,55.1,55.3,53.25,54,387737,1034
20-10-20,54.95,56.1,54.55,54.7,737401,1268
19-10-20,54.9,55.55,53.9,55.15,1176312,2970
16-10-20,53.3,54.6,52.35,54.15,1872709,3763
15-10-20,53.6,54.75,52.7,52.95,1172716,1970
14-10-20,54.4,54.4,52.25,52.9,360407,1522
13-10-20,52.9,55.05,52.6,54.05,601500,1313
12-10-20,54.45,55.05,52.65,52.85,849852,3156
09-10-20,55.25,55.45,54.25,54.45,357171,844
08-10-20,56.1,56.4,53.8,54.95,929248,3322
07-10-20,54.95,56.9,54.45,56.15,895979,2276
06-10-20,54.4,54.7,53.85,54.55,1195481,2703
05-10-20,54.45,55.15,53.6,53.85,893178,2772
01-10-20,53.5,54.65,53.5,54.45,691156,1154
30-09-20,54,54,53,53.15,661512,2368
29-09-20,54.15,54.7,53.2,54,1224352,1874
28-09-20,53.5,54.6,53.3,54.15,1036189,1690
25-09-20,50.65,53.35,50.65,53.1,1641083,1918
24-09-20,52.8,52.95,50,50.35,1851991,5700
23-09-20,52,55.35,51.3,53.55,2998691,4680
22-09-20,53,53.5,50.45,51.55,1935084,3155
21-09-20,56,56.5,52.5,52.95,914383,2745
18-09-20,57,57.3,55.85,56.15,576797,1402
17-09-20,57.5,58.15,56.4,56.7,1888559,4669
16-09-20,58.2,58.4,56.55,56.85,1211515,1989
15-09-20,57.2,58.7,57.15,57.75,749886,1631
14-09-20,57,58.4,56.55,57.1,1684378,4084
11-09-20,56,57.05,54.8,56.7,1077813,1742
10-09-20,55.85,57.15,54.75,55.45,1054719,2292
09-09-20,55,56.3,52.5,55.65,1707159,2857
08-09-20,57.5,58,54.75,55.1,944706,2180
07-09-20,59.9,59.9,56.15,57.35,1355073,2737
04-09-20,59.9,60.3,58.25,58.8,928911,1987
03-09-20,61.1,61.6,59.9,60.7,1259192,4028
02-09-20,59.95,61.25,58.9,61,1107842,1932
01-09-20,60,60.45,58.3,59.5,2995837,3906
31-08-20,61.65,61.75,57.9,58.7,1595536,3831
28-08-20,62.45,62.45,60.3,61.15,1014446,2508
27-08-20,63,63.3,61.4,61.6,2297906,6785
26-08-20,60.5,63.25,60,62.7,6036316,7763
25-08-20,61.8,61.8,59.05,59.95,4528459,4875
24-08-20,62.5,62.7,60.15,60.9,2637113,4493
21-08-20,62.85,63.45,61.65,61.9,3957789,10448
20-08-20,56.1,62.3,56.1,61.5,6778380,17932
19-08-20,56.1,58.2,56,56.75,5186787,4787
18-08-20,56.25,56.45,54.95,55.6,2036564,2213
17-08-20,55.15,56.3,54.95,56,1379401,4183
14-08-20,56.75,57.15,54.55,54.95,1935633,3960
13-08-20,55,57.85,52.65,56.1,5048986,10914
12-08-20,52,53.6,51.2,52.95,2416815,5750
11-08-20,52,52.55,51.1,51.95,1126457,2114
10-08-20,50.45,51.9,49.85,51.45,1623448,2845
07-08-20,49.8,50.6,49.2,49.65,729979,1824
06-08-20,48.9,50.1,48.5,49.4,950940,1580
05-08-20,49.7,49.9,48.65,48.9,565651,1169
04-08-20,49.4,50.4,49.05,49.65,880964,1664
03-08-20,48.7,49.45,48.4,48.75,512286,1009
31-07-20,48,48.95,47.5,48.7,900609,2943
30-07-20,50,50.2,47.6,48.05,782273,1558
29-07-20,49.25,50.35,49.25,49.75,1080551,2993
28-07-20,49.75,50.45,48.6,49.2,641842,1235
27-07-20,48.9,50.35,47.75,49.5,1046769,1869
24-07-20,50.15,50.4,48.7,48.9,835483,1418
23-07-20,50.2,50.35,49.5,50,629835,1350
22-07-20,49,51.45,48.55,50,1634292,2981
21-07-20,49.1,49.5,48.55,48.85,846889,1358
20-07-20,49.6,49.95,48.75,49.05,1155462,3471
17-07-20,47.8,49.5,47.25,49.3,2096205,3572
16-07-20,47.65,47.65,46,46.65,1231120,1875
15-07-20,48.15,48.85,46.9,47.1,863820,1650
14-07-20,48.95,49.05,47,48.15,1534696,2878
13-07-20,51,51,49.15,49.6,1496616,5013
10-07-20,50.2,52.45,49.65,50.35,3661585,12165
09-07-20,52.25,53.2,52.15,52.55,1053434,2272
08-07-20,51.35,52.65,50.7,52.15,3263675,7388
07-07-20,50.5,51.2,50.1,50.9,2500167,6255
06-07-20,50.9,50.9,49.95,50.4,2564624,6982
03-07-20,50.7,51.15,49.5,49.95,4780535,11192
02-07-20,46.95,50.6,45.8,49.85,5878422,11380
01-07-20,44.9,46.6,44.05,46,1601212,4761
30-06-20,45.1,45.8,44.15,44.9,1485868,2798
29-06-20,46.75,47.2,44.5,44.75,1713913,2989
26-06-20,44.25,47.35,44.25,46.35,3401088,5144
25-06-20,43,44.6,43,43.9,3192279,5768
24-06-20,44.65,44.65,42.8,43.3,4727821,7089
23-06-20,43.9,44.95,42.85,44.65,1791681,3196
22-06-20,43.4,43.85,43,43.55,1881804,5073
19-06-20,43.2,43.9,42.85,43.25,1407259,2431
18-06-20,41.2,43.35,41.1,42.9,3261744,6953
17-06-20,40.8,42.2,40.2,41.35,2687851,5752
16-06-20,43.85,43.85,40.25,41.05,2767402,3701
15-06-20,42.35,43,41.75,42.4,2196691,4736
12-06-20,39,42.1,38,41.75,2237790,3648
11-06-20,42.8,42.8,40.9,41.1,1364948,2402
10-06-20,42.8,43.5,42.55,42.85,1161315,1805
09-06-20,43.5,43.65,42.25,42.8,1486394,2968
08-06-20,44.55,44.8,42.4,42.7,2261274,4999
05-06-20,44.1,44.3,42.8,43.95,2992780,5501
04-06-20,40.85,43.15,40.3,42.5,2816550,5133
03-06-20,43.5,43.75,41.1,41.8,3016752,6327
02-06-20,41.05,42.85,40.55,42.5,3729775,7316
01-06-20,37.4,40.1,37.3,39.55,2259827,4682
29-05-20,36.8,37.15,35.65,36.6,2153042,3874
28-05-20,36,37.55,36,36.9,2055369,4424
27-05-20,36,36.4,35.4,35.7,2081940,3766
26-05-20,33.6,36,33.6,35.75,3154933,6094
22-05-20,32.95,34.1,31.9,33.75,2418263,3759
21-05-20,34,34.2,32.6,32.9,1831714,4579
20-05-20,34,34.6,32.85,33.35,5238429,11246
19-05-20,32,32.8,30.4,32.35,2549511,4918
18-05-20,32.4,32.4,30.25,31.25,1297317,2754
15-05-20,31.45,31.75,29.75,31.4,1823943,3438
14-05-20,31.4,33.2,30.65,30.95,3245639,7972
13-05-20,30.65,31,28.85,30.3,1867918,3774
12-05-20,27.45,28.6,27,28.45,1200549,3486
11-05-20,29.3,29.3,27.15,27.35,1423793,3259
08-05-20,29.4,29.7,27.7,28.45,690730,2652
07-05-20,29.2,29.45,28.85,29,505437,1586
06-05-20,30.95,30.95,28.85,29,1040094,2789
05-05-20,30.9,31.5,30.35,30.45,477295,2641
04-05-20,31.9,31.9,30.05,30.15,671060,2367
30-04-20,31.15,32.15,31.1,31.75,1108652,2364
29-04-20,31.2,31.5,31,31.1,582740,1886
28-04-20,31.2,31.45,30.55,30.75,457540,1363
27-04-20,31.25,31.9,30.8,31.05,406241,1465
24-04-20,32.7,32.7,30.85,31.1,540233,2054
23-04-20,32.6,33.4,32.45,32.7,366345,1080
22-04-20,32.75,33.3,31.65,32.5,463387,1900
21-04-20,33.55,33.55,32.2,32.45,440798,1484
20-04-20,34.8,34.8,33.3,33.55,986681,3135
17-04-20,35.35,36.3,34.2,34.45,675099,2990
16-04-20,35,35.5,34.55,34.75,423285,1305
15-04-20,36.95,37.5,34.6,35.15,501379,2634
13-04-20,36.55,36.9,35,35.9,321624,1046
09-04-20,36,36.8,35.65,36.5,331164,1373
08-04-20,34.9,36.4,32.95,35.65,683057,2114
07-04-20,31.1,34.35,30.8,33.65,878282,2464
03-04-20,32,32,30,30.2,390027,2967
01-04-20,32.75,32.8,31.4,31.55,239511,2386
31-03-20,34,34,32.5,32.85,283665,2427
30-03-20,34.2,34.35,32.05,32.35,359200,1390
27-03-20,35.95,36.9,33.25,33.95,531375,1580
26-03-20,35,35.75,33.5,35.25,501817,1459
25-03-20,34.15,35.65,34,35,316761,1312
24-03-20,32.75,34.95,31.3,34.45,507401,2908
23-03-20,34.5,34.7,31.45,32.95,422207,1907
20-03-20,34.55,37.5,34.1,36.8,620653,2294
19-03-20,34.4,36.7,32.7,34.2,1036922,2992
18-03-20,39.75,40,34.8,35.2,1444699,2404
17-03-20,41,42.4,38.55,38.95,499513,1779
16-03-20,41.9,41.9,39.8,40.4,342027,1808
13-03-20,39,42.85,36.45,42.15,2871997,5693
12-03-20,36.45,41.2,34,40.5,2151719,4674
11-03-20,39.5,40.1,37.75,37.95,601913,2055
09-03-20,43,43,38.45,39.65,653071,2376
06-03-20,43,44.15,41.55,43.05,414019,1568
05-03-20,44.3,45.8,43.9,44.25,741854,1656
04-03-20,44.45,45.2,43.4,44.65,331503,1649
03-03-20,44.8,44.8,43.45,44.45,406535,970
02-03-20,47,47.8,43.3,43.65,1535801,2936
28-02-20,48,48.55,46.1,46.65,1659435,2376
27-02-20,49.25,49.8,47.5,49.35,685102,2142
26-02-20,51.3,51.3,48.85,49.3,703930,2850
25-02-20,51.85,52.9,51.5,51.7,225007,1363
24-02-20,51.9,52.65,50.9,51.85,551374,1348
20-02-20,51.8,52.6,50.95,51.6,986973,2212
19-02-20,52.8,52.8,50.8,51.4,351169,1467
18-02-20,52.25,52.25,50.55,51.5,353266,1265
17-02-20,54,54.1,51.55,51.7,309986,1134
14-02-20,55.8,55.8,53.55,53.75,298379,1057
13-02-20,55.75,55.75,54.8,55.25,218559,1065
12-02-20,57.35,58.25,55.85,56,220317,753
11-02-20,57.9,57.9,56.7,57.65,116068,478
10-02-20,57.9,58,55.95,56.95,181162,819
07-02-20,57.75,58.15,57.05,57.95,141047,554
06-02-20,57.3,58.15,56.85,57.75,185821,1272
05-02-20,56.9,57.4,56.2,57.2,283407,1871
04-02-20,55.5,56.85,54.65,56.45,659412,1952
03-02-20,55.7,56.4,54.65,54.9,277165,1202
01-02-20,57.95,58.35,54.8,55.25,421530,1839
31-01-20,60.6,60.6,57.7,58.05,333660,1128
30-01-20,60.9,61.55,59.05,60.25,609206,2479
29-01-20,61,62,60.35,60.9,244794,996
28-01-20,60.6,61.75,60.3,60.7,244084,972
27-01-20,61.1,62,60.3,60.6,226866,995
24-01-20,60.15,61.95,59.7,61.15,340869,1439
23-01-20,59.15,60.25,59.05,60.15,174485,927
22-01-20,59.6,60.05,58.95,59.15,299275,1258
21-01-20,59.9,60.25,59.25,59.55,138200,564
20-01-20,61.6,61.75,59.9,60.2,254689,1031
17-01-20,61,62.1,60.85,61.5,343882,1335
16-01-20,61.75,61.75,60.35,60.95,294320,1007
15-01-20,60.5,61.1,59.9,60.95,434128,1533
14-01-20,59.85,60.3,59.2,60.2,394718,1416
13-01-20,59.9,59.9,58.9,59.4,382675,1417
10-01-20,57.8,59.5,57.4,58.95,606781,2828
09-01-20,56.9,58.2,56.8,57.8,519002,1555
08-01-20,56.2,56.7,55.75,56.25,283961,910
07-01-20,57.3,57.45,56.05,56.6,265443,1363
06-01-20,57.7,57.7,56,56.75,290157,956
03-01-20,58.35,58.5,57.35,57.75,386377,1333
02-01-20,57.85,58.15,56.85,58,477363,1533
01-01-20,56.7,57.85,56.7,57.65,319515,1387
31-12-19,56.5,56.8,56.3,56.5,144028,694
30-12-19,56.2,56.7,55.75,56.45,221313,694
27-12-19,55.2,56.25,55.2,56.15,208840,669
26-12-19,56,56.3,55,55.1,234580,790
24-12-19,56.4,56.6,55.8,56.05,359467,904
23-12-19,55.1,55.95,55,55.75,383406,1313
20-12-19,55.5,56.05,55.3,55.4,278426,761
19-12-19,55,56.05,54.6,55.7,446926,1509
18-12-19,56.1,56.25,54.8,55.5,383405,1394
17-12-19,55.35,56.2,54.75,56.05,460336,1721
16-12-19,54.75,55.55,54.1,55,576446,1628
13-12-19,53.65,54.65,52.9,54,624645,1699
12-12-19,53.1,53.75,52.6,53.4,289824,1412
11-12-19,51.5,53.1,51.25,52.8,370293,1308
10-12-19,52.85,53.75,51.05,51.4,974062,2689
09-12-19,53.5,54.6,52.35,52.45,517011,1856
06-12-19,56,56.7,53.25,53.5,918723,2947
04-12-19,55.4,56.1,55,55.85,239279,1138
03-12-19,56.75,56.75,55.05,55.5,315189,1669
02-12-19,56.6,57.2,55.55,56.3,422628,2171
29-11-19,57,58.95,56.6,57.4,955883,3406
28-11-19,57,57,55.7,56.45,706554,1430
27-11-19,56.9,57.45,56.55,56.8,285597,1374
26-11-19,56.25,57.1,55.4,56.6,1843385,1523
25-11-19,55.15,56.15,55.15,56,343100,1307
22-11-19,55.5,55.8,54.75,55.15,577470,1728
21-11-19,55.75,56.15,54.6,54.8,278090,1247
20-11-19,55.65,55.85,55.1,55.45,243476,1459
19-11-19,56,56.35,55.35,55.75,250867,973
18-11-19,54.9,56.55,54.35,55.9,479478,1429
15-11-19,55,55.4,54.25,54.5,332740,1301
14-11-19,55.5,55.9,54.4,54.65,607728,1819
13-11-19,58,58,55.05,55.4,675786,3409
11-11-19,61,61,56.6,57.3,11806318,6608
08-11-19,58.8,60.35,58.75,59.5,1159145,2880
07-11-19,59.25,59.3,57.55,58.65,566109,1724
06-11-19,59.4,59.4,57.95,58.95,349270,1039
05-11-19,60,60.15,58.45,58.65,444478,1126
04-11-19,59.85,60.8,59.25,59.6,517062,2417
01-11-19,59.45,60.25,59.15,59.55,408061,1840
31-10-19,58.8,59.7,58.4,59.3,416732,1587
30-10-19,58.8,58.95,58.3,58.55,305547,864
29-10-19,58.85,59.25,58,58.4,1988137,2724
27-10-19,58.75,58.75,58,58.3,45573,323
25-10-19,59.25,59.3,57.3,57.65,371900,984
24-10-19,61.9,61.9,58.55,59.1,780605,1816
23-10-19,59.6,62.2,59.25,61.15,1599465,3979
22-10-19,59.85,60.7,58.9,59.25,1359961,2477
18-10-19,60,60.5,59.25,60.05,1020501,1382
17-10-19,58.2,60.15,57.6,59.8,950076,1457
16-10-19,59.5,59.9,57.85,58.05,932951,1566
15-10-19,59.8,60.3,59.15,59.7,435005,1315
14-10-19,60.95,61.4,59.6,59.8,640286,947
11-10-19,61.7,61.95,60.75,61.05,543945,1204
10-10-19,61.75,62.2,60.5,61.5,2375406,2364
09-10-19,59,61.9,58.05,61.45,2384796,3746
07-10-19,58.65,59,56.75,58.3,3077358,2677
04-10-19,59.85,59.85,57.8,58.05,403628,898
03-10-19,59.45,59.7,58.7,59.35,729994,1191
01-10-19,62.95,62.95,58.8,59.4,1432934,11603
30-09-19,62.2,62.9,61.05,62.5,1462841,1725
27-09-19,63.7,63.9,61.95,62.1,705916,1313
26-09-19,64,64.2,62.8,63.7,1128855,1531
25-09-19,65.7,66.45,62.9,63.65,1425860,2465
24-09-19,67.95,67.95,65.4,66.25,927531,1815
23-09-19,68,68.8,65.75,67.25,1187434,2402
20-09-19,65.1,68.45,64.1,67,2488103,4337
19-09-19,64.2,65.1,63.65,64.65,9841620,2874
18-09-19,64.8,64.8,63.1,64.05,1730802,2162
17-09-19,64.25,64.55,63.45,63.95,1668777,1850
16-09-19,63.95,64.5,63.2,64.35,1580259,2190
13-09-19,64.5,64.65,62.5,64.3,2712960,2552
11-09-19,59,61.65,58.8,61.2,624524,1937
09-09-19,58.5,61.7,57.85,60.3,1093879,2321
06-09-19,55.4,59.35,55.25,58,1820496,2589
05-09-19,54,55.7,53.9,55.3,521446,1097
04-09-19,54.9,54.9,53,54.15,788064,1385
03-09-19,55.35,57,53.7,53.85,603493,1322
30-08-19,55.6,57,55,56.75,619799,1534
29-08-19,55.4,56,54.5,55.6,607708,2089
28-08-19,55.3,55.8,53.8,55.35,454058,1778
27-08-19,56,56.8,55.15,55.35,1002263,1629
26-08-19,55,56.4,53.9,55.95,937010,1856
23-08-19,53.45,55.8,52.4,54.45,1279787,2608
22-08-19,51.1,55.7,50.7,53.45,1125896,3411
21-08-19,55.7,55.95,50.4,51.1,1122580,2857
20-08-19,57.2,57.2,54.1,55.95,659583,1701
19-08-19,56.8,58.05,56.1,57.25,408448,1168
16-08-19,55.5,56.35,54.05,56.1,363694,1459
14-08-19,56.1,56.4,54.7,55.5,526632,1166
13-08-19,58.3,58.3,55.4,55.8,638708,1577
09-08-19,58.85,59.7,56.8,57.55,589306,1519
08-08-19,59.25,59.6,57.2,57.8,1170811,2486
07-08-19,59.3,60.25,58.7,59.05,386539,1343
06-08-19,57.95,59.95,57.95,59.3,240102,1188
05-08-19,58.75,59,57.35,57.95,403327,1342
01-08-19,60.5,60.85,58.55,59.9,629269,1603
31-07-19,58.5,60.8,57.9,60.55,427550,1366
30-07-19,62,62.05,58.4,58.9,530395,1955
29-07-19,62.3,63.25,61.1,61.4,407833,1585
26-07-19,61.35,63.1,61,62.3,358426,1159
25-07-19,63.65,64.3,61.3,61.55,501309,1604
24-07-19,65.7,66.75,62.95,63.75,4134015,3310
23-07-19,67.25,67.95,66.05,66.25,244834,802
22-07-19,66.8,67.3,65.5,67.05,268289,871
19-07-19,66.05,67.25,65.2,66.45,389191,1277
18-07-19,70,70,66.1,66.35,354974,1255
17-07-19,68.35,69.65,67.95,69,342979,1111
16-07-19,68.75,69.4,67.7,67.95,219736,779
15-07-19,68.35,69.15,67.05,68.6,293333,896
12-07-19,67.95,69,67.2,68.15,263980,1249
11-07-19,66.75,67.8,66.65,67.4,216282,739
10-07-19,69.05,69.05,66.2,66.4,259891,1012
09-07-19,68.5,69,67.85,68.45,327558,969
08-07-19,70.45,70.45,67.35,68.35,414888,1289
05-07-19,72.15,72.4,70.25,70.65,339162,1073
04-07-19,73.3,74.05,71.75,72.15,519877,1432
03-07-19,73.4,74.05,71.6,73.9,743388,2434
02-07-19,71,73.35,70.1,73.1,918199,3256
01-07-19,69.3,70.95,68.2,70.7,608906,2078
28-06-19,69,70.15,68.1,69,540397,2487
27-06-19,68.6,69.3,68.35,68.65,233186,798
26-06-19,66.95,69.45,66.8,68.6,542902,2786
25-06-19,65.15,67.55,64.7,66.15,989314,2509
24-06-19,65.7,65.7,64.5,65.05,176387,594
21-06-19,64.6,65.5,64.1,65.2,982262,1460
20-06-19,63.5,64.8,63,64.65,216962,627
19-06-19,64.9,65.35,63.2,63.55,372830,1144
18-06-19,64.75,65.05,64,64.35,283910,695
17-06-19,65.8,65.8,63.75,64.55,963703,1716
14-06-19,66,66.85,64.85,65.15,1432272,2335
13-06-19,66.85,66.85,65.15,66,1077809,1391
12-06-19,66.8,67.75,66,66.35,346847,1055
11-06-19,66.4,67.2,66,66.3,510430,1467
10-06-19,66.5,67.3,66,66.35,346740,1515
07-06-19,65.5,66.25,64,66.1,359903,1469
06-06-19,68.4,68.4,64.85,65.25,491994,1468
04-06-19,67.45,67.95,66.45,66.75,555077,1654
03-06-19,68.95,69.1,67.75,68.4,355929,1338
31-05-19,70.2,70.75,68,68.85,773634,2260
30-05-19,68.95,70.7,67.95,70.3,1232205,3435
29-05-19,70.9,70.9,68.25,68.6,493429,1522
28-05-19,71,71.15,70,70.45,1380929,1357
27-05-19,67,70.9,67,70.65,2258310,7870
24-05-19,64.7,68,64.7,67.7,847989,2286
23-05-19,65.5,67.45,64.25,64.6,1011128,2296
22-05-19,64.8,65.2,64.15,64.85,448932,1700
21-05-19,66.45,66.45,63.6,64.4,1646439,2885
20-05-19,63,67.85,63,65.85,1074330,2977
17-05-19,61.25,61.8,61,61.45,324881,1048
16-05-19,61.85,61.9,60.9,61.2,663893,1599
15-05-19,63,63.7,61,61.35,411387,1117
14-05-19,62,63.85,61.45,63,949768,1516
13-05-19,63.3,64.35,62,62.65,426025,1769
10-05-19,64.25,65.3,63.65,63.9,479052,1518
09-05-19,65,65,63.95,64.45,270650,1108
08-05-19,64.25,64.8,63.2,64.5,347287,1519
07-05-19,66.3,66.4,64.1,64.4,600661,1724
06-05-19,66.95,66.95,65.6,65.85,449316,1125
03-05-19,65.75,68.1,65.5,67.15,767102,2288
02-05-19,68.15,68.2,66.35,66.75,701285,2366
30-04-19,67.6,68,66.6,67.75,435922,1807
26-04-19,67.9,68.25,67.15,67.7,464169,1157
25-04-19,69.4,69.5,67.2,67.5,1685239,2507
24-04-19,68.5,68.75,67.4,67.75,779805,2118
23-04-19,69.3,69.7,68.15,68.3,324874,1955
22-04-19,70.2,70.35,68.9,69.2,372773,1093
18-04-19,71.35,71.6,70,70.55,466951,1201
16-04-19,71.9,71.95,71.2,71.35,511713,1171
15-04-19,73.2,73.2,71.25,71.35,2344257,2190
12-04-19,73.15,74.5,71.9,72.95,1790419,3106
11-04-19,71.05,73.15,70.65,72.45,1648960,2470
10-04-19,72.8,73.15,70.75,71,628070,2155
09-04-19,72,73,70.8,72.5,2492066,3072
08-04-19,73.3,73.35,70.65,71.9,2222037,2912
05-04-19,71.05,72.95,70.5,71.75,2086373,2446
04-04-19,70.65,72.25,70.5,70.9,401004,1183
03-04-19,74.9,74.9,71.25,71.65,536303,1755
02-04-19,74.8,76.9,73.2,74.2,1104673,3504
01-04-19,74.4,75.9,73.7,74.2,587373,2791
29-03-19,72.4,74.55,72.1,73.8,820836,2374
28-03-19,71.95,72.6,71.05,71.4,617317,1446
27-03-19,72.25,72.8,71.1,71.35,281790,1365
26-03-19,72.9,72.95,70.7,71.25,577233,1046
25-03-19,72.95,73.1,71.25,71.9,499322,1955
22-03-19,72.05,73.75,72.05,72.5,442489,1721
20-03-19,73,73.8,71.75,72,260327,868
19-03-19,73.1,74.25,72.75,73,319146,1030
18-03-19,74,74.75,72.7,73,368575,1218
15-03-19,73.35,74.65,72.65,73.75,647552,1745
14-03-19,74,74,72.7,73,1277809,1554
12-03-19,72.05,73.9,72,73.35,1814177,2152
11-03-19,70.2,72.1,70.2,71.7,2934046,1610
08-03-19,70.55,70.65,68.95,69.85,624544,1508
07-03-19,72.8,73.9,70.25,70.55,1083119,3067
06-03-19,69.7,72.15,69.15,71.3,1046242,4216
05-03-19,67.5,69.6,67.35,69,1385505,2688
01-03-19,66,67.75,65.55,67.05,876517,2014
28-02-19,65.85,66.2,65.1,65.35,172070,3673
27-02-19,66.9,67.9,65.15,65.5,383973,1225
26-02-19,66.2,67.25,64.1,66.3,590233,1690
25-02-19,67.1,67.45,66.5,66.65,113802,558
22-02-19,67.4,67.8,66.85,67.1,181625,567
21-02-19,67.5,68.1,66.9,67.4,179094,795
20-02-19,66.25,67.8,65.9,66.2,631279,1262
19-02-19,64.65,67.15,64.65,65.85,154999,748
18-02-19,69.4,69.5,65.1,65.4,401678,1693
15-02-19,68.8,70.2,66.55,69.25,729756,2383
14-02-19,64.55,67.85,64.55,67.6,340408,1165
13-02-19,66.35,68.1,64.65,65.15,1648713,2672
12-02-19,66,67.2,65.5,66.35,252285,1458
11-02-19,68.1,68.55,65.4,65.7,801802,1807
08-02-19,69.3,70.4,68.1,68.65,183059,852
07-02-19,70.9,70.9,69.25,69.45,340425,1011
06-02-19,69.55,71,68.4,70.2,273071,1086
05-02-19,70.5,71.6,69.3,69.85,316200,1651
04-02-19,71.55,71.55,69.55,70.5,359053,2709
01-02-19,71,72.2,70.25,71.45,1474499,1394
31-01-19,68.75,71.8,67.95,71.3,1481542,3639
30-01-19,71.45,71.7,67.75,68.05,390196,2165
29-01-19,68.75,72.3,68.45,71,944213,2858
28-01-19,74.1,74.1,69.6,70.8,1444897,2523
25-01-19,74.55,75.25,73.45,73.95,1210680,1469
24-01-19,75.6,75.65,74.2,74.6,159951,915
23-01-19,77.1,77.9,74.85,75.25,369254,1332
22-01-19,75.8,77.5,74.95,76.3,167532,520
21-01-19,76,77.15,75.35,75.95,2127398,2014
18-01-19,76.4,76.4,75.1,76,2384319,969
17-01-19,76.5,76.85,74.9,76,1174900,1662
16-01-19,75.45,76.75,74.65,76.25,2862658,2368
15-01-19,74.55,75.25,74.35,74.95,442625,1022
14-01-19,74.95,74.95,73.6,74.15,421559,984
11-01-19,74.9,75.25,73.8,75,580505,1470
10-01-19,74.1,74.95,73.85,74.8,418915,947
09-01-19,75.1,75.35,73.85,74.3,435508,943
08-01-19,74.7,75.4,74.5,74.85,132974,754
07-01-19,75.35,75.7,74.25,74.7,131916,1027
04-01-19,74,75.5,73.8,75.15,300039,945
03-01-19,75.8,76.2,73.9,74.15,345594,1658
02-01-19,76.7,76.7,74.5,74.85,1032369,1817
01-01-19,76.2,77.3,76.2,76.85,158647,561
31-12-18,77.05,77.9,76.45,76.75,254997,998
28-12-18,77.2,77.8,76.85,77.15,220954,1339
27-12-18,76.25,77.6,75.6,77,1756358,2788
26-12-18,76.7,77.15,74.95,75.95,1275856,1724
24-12-18,76.15,78.5,76.15,76.75,424915,1486
21-12-18,80.5,80.5,76.1,76.5,722703,2944
20-12-18,77.1,80.65,76.55,80.1,634636,2260
19-12-18,78.85,80.2,78.75,79.45,611002,1273
18-12-18,77.7,78.9,77.45,78.7,568612,1268
17-12-18,79.9,80.55,77.4,77.8,577935,1317
14-12-18,78.6,79.8,78.3,79.35,178337,696
13-12-18,79.55,81.3,77.45,78.55,716351,2051
12-12-18,79.9,79.95,77.9,79,635083,1478
11-12-18,76,79.9,75.95,79,408889,1591
10-12-18,78.3,79.2,76.35,77.45,350937,1601
07-12-18,79.75,81.05,78.4,79.3,485702,3314
06-12-18,79.7,80.1,78.8,79.15,195537,1131
05-12-18,80.15,81.5,79.85,80.4,796625,2921
04-12-18,82.55,83.75,80.6,81.3,704634,3074
03-12-18,76.9,83.1,76.8,82.5,2330577,9975
30-11-18,75,76.65,73.75,76.25,726869,4142
29-11-18,74.5,75.45,73.4,75.1,312553,1434
28-11-18,76.3,76.3,73.85,74.35,272505,1531
27-11-18,75.5,76.5,74.55,75.55,469538,1192
26-11-18,75.05,76.3,74.5,75.6,550209,1668
22-11-18,77.9,78.15,74.5,74.9,293575,1497
21-11-18,78.5,78.9,76.85,77.75,324956,1610
20-11-18,77.2,78.65,76.4,78.05,951740,3743
19-11-18,76.8,77.6,75.85,77.05,405754,1641
16-11-18,76.7,77.25,75.1,76.65,360426,1390
15-11-18,78,78.45,75.9,76.6,320982,1495
14-11-18,76.05,78.7,75.5,77.9,641897,2419
13-11-18,74.5,76.35,73.05,75.95,343880,1905
12-11-18,75.3,79.95,74.1,74.35,833559,1317
09-11-18,75.6,77,75.1,75.8,416435,1816
07-11-18,76.25,76.45,75.5,76.05,118682,499
06-11-18,75.4,77.05,75,75.45,259623,1164
05-11-18,75.25,75.6,73.35,75.15,328559,1686
02-11-18,77,77.45,75.3,75.85,455418,1588
01-11-18,76.8,77.75,75.4,76.4,706292,4372
31-10-18,78.4,81.6,74.8,76.45,1812465,5969
30-10-18,78.9,79.8,76.6,77.55,2106218,7371
29-10-18,69.5,86.15,68.5,77.5,3751104,14877
26-10-18,69.45,70.75,68.05,68.95,461619,4035
25-10-18,68.3,69.85,67.6,69.05,232957,789
24-10-18,69.9,70.15,68.55,69.25,161996,748
23-10-18,69.45,69.85,68.05,69.5,208378,1143
22-10-18,70.8,71.45,68.9,69.5,482933,2543
19-10-18,72,72.4,69.35,70.2,351190,1715
17-10-18,74,74.6,71.75,72.4,875527,11054
16-10-18,71.45,74.05,70.65,73.8,770917,5004
15-10-18,70,71.6,68.9,71.3,676837,4043
12-10-18,63.3,72.15,63,68.85,6008374,8780
11-10-18,63.45,63.85,61.65,62.35,367659,1415
10-10-18,60.75,65.4,60.75,65,499415,2008
09-10-18,62.35,62.45,59.9,61.05,465358,1532
08-10-18,63,65.2,60.45,61.6,673594,2813
05-10-18,68,68,62.35,63,454881,1765
04-10-18,67.4,68,66.2,66.95,343183,1452
03-10-18,68.05,69.3,66.5,67.7,552569,2583
01-10-18,66,68.9,64.85,68.05,477061,1940
28-09-18,68.9,69.3,65.55,65.95,796830,2373
27-09-18,70,70.65,68.5,68.9,237382,969
26-09-18,70.5,70.9,69,70.3,263922,1372
25-09-18,69.8,71.1,68.1,70.1,821536,4877
24-09-18,73.5,73.5,68.2,69.05,547079,3269
21-09-18,76,76.55,68.05,72.8,524405,2266
19-09-18,75.7,77.2,74.85,75.45,599812,1875
18-09-18,78.25,78.95,74,74.45,631036,2713
17-09-18,76.4,78.55,75.05,77.85,701519,2606
14-09-18,73.6,76.3,73.6,76.1,339483,1648
12-09-18,74.5,74.75,72.95,74,259493,1170
11-09-18,73.55,76.85,73,74.15,728869,3088
10-09-18,75.25,75.65,73.4,73.7,230118,994
07-09-18,74.9,75.9,73.85,75.25,170602,1437
06-09-18,75,75.75,73.7,74.9,169970,900
05-09-18,73.5,75.2,72.7,74.85,631655,2704
04-09-18,78.8,78.9,73,73.4,568734,2797
03-09-18,77,78.85,76.3,78.05,532655,4080
31-08-18,76,77.4,74.5,76.6,742521,2701
30-08-18,77.25,77.35,75.75,76.15,217012,1602
29-08-18,74.75,77.35,74.55,76.85,707299,2195
28-08-18,75.45,76.65,73.9,74.7,742968,3714
27-08-18,72,76.6,71.95,75.65,896585,4388
24-08-18,71.1,72.5,70.65,71.7,181456,820
23-08-18,73,73.4,71.1,71.8,358152,1497
21-08-18,70.6,73.55,69.7,72.35,380045,1480
20-08-18,68.95,70.3,68.7,69.95,179596,849
17-08-18,67.5,69,67.05,68.65,208356,924
16-08-18,68.5,68.75,67,67.2,257579,1349
14-08-18,68.85,69.5,68.6,68.75,112897,569
13-08-18,69.25,70.15,68.65,68.9,157898,944
10-08-18,70.2,71.1,69.1,69.4,181713,1028
09-08-18,70,70.4,69.3,70,174171,837
08-08-18,70.5,70.9,69.2,69.45,221532,1914
07-08-18,72.5,72.5,70.05,70.25,249670,1257
06-08-18,72.5,72.8,71.55,71.85,166485,803
03-08-18,72,73.1,71.9,72.25,169709,851
02-08-18,73,73,71.45,71.9,189712,1433
01-08-18,74.5,74.9,72.7,73.1,275476,2119
31-07-18,73.85,74.9,72.65,74.4,288205,1389
30-07-18,72,74.7,71,73.85,454461,2997
27-07-18,71.75,72.4,71.05,71.85,440428,1789
26-07-18,68,72.4,68,70.85,1205774,5503
25-07-18,68,69.45,67.55,67.8,172385,1127
24-07-18,68.1,69,67.4,67.9,290190,1411
23-07-18,68,68.6,66.65,68.1,191312,1173
20-07-18,68.5,68.5,67.15,67.85,153348,843
19-07-18,70,70.4,67.8,68.4,154262,873
18-07-18,71,71.6,68.75,69.75,226341,1433
17-07-18,69.05,71.25,68.15,70.7,205014,1634
16-07-18,70,70,68.25,68.75,142023,813
13-07-18,69.65,70.35,69.15,70,238842,956
12-07-18,71.5,71.65,69.4,69.55,359035,1930
11-07-18,72.9,73.4,71.75,72.2,216992,1496
10-07-18,73.45,74,72.7,72.85,863668,960
09-07-18,71.6,74,71.6,73.2,1302539,1317
06-07-18,71.05,72.25,71.05,71.7,102536,700
05-07-18,71.6,72.15,71.1,71.2,147790,861
04-07-18,72.1,73,71.65,72,287838,1653
03-07-18,72.2,73,71.8,72.05,748175,2272
02-07-18,73.15,73.8,71.9,72,635161,2311
29-06-18,71.6,73.3,71.6,73.05,165585,859
28-06-18,71.05,74.8,71,71.6,685166,3549
27-06-18,74.1,75.05,71.5,72,290941,1584
26-06-18,76.25,76.4,74.8,75,127431,734
25-06-18,76.7,77.25,76,76.35,254540,1839
22-06-18,74.1,76.35,74.1,76.1,183480,1633
21-06-18,74.55,75.15,74,74.55,232295,940
20-06-18,73.5,74.4,72.9,73.9,175441,1047
19-06-18,75,75,73.1,73.5,304331,1458
18-06-18,76.95,76.95,75.1,75.2,163145,978
15-06-18,77.5,77.75,75.95,76.15,210067,1459
14-06-18,77.95,77.95,76.4,77.3,197476,1101
13-06-18,78.4,78.4,76.8,77,274437,1584
12-06-18,79.4,79.4,77.75,77.85,230353,1390
11-06-18,77.95,80.3,77.95,78.5,449692,1918
08-06-18,78,78.95,77.6,77.95,125683,1511
07-06-18,79.5,79.9,78.2,78.5,624723,1077
06-06-18,78.05,79.65,76.05,78,778569,1685
05-06-18,77,79.1,76.3,78.7,205808,1061
04-06-18,79.7,80,76.65,77.15,156565,1259
01-06-18,80.95,81.1,78.35,79.6,156859,979
31-05-18,83.5,83.5,80.6,81.2,267262,1151
30-05-18,82.45,83.9,81.5,82.2,203819,869
29-05-18,82.7,83.8,81.5,82.95,3002084,3068
28-05-18,81.4,82.9,80.7,82.3,183105,916
25-05-18,76.35,83,75.85,81.15,612448,2283
24-05-18,77.85,78,75.15,76.4,217373,1500
23-05-18,78.55,78.55,77,77.25,104336,763
22-05-18,78.95,79.1,77.6,78,96483,801
21-05-18,80.15,80.75,78.3,78.65,197470,1029
18-05-18,81.1,81.4,80.25,80.6,169346,668
17-05-18,81.2,82.3,80.75,81.5,145608,688
16-05-18,81.9,81.9,80.35,81.1,68399,464
15-05-18,81,82.1,80.35,81.2,131544,863
14-05-18,81.45,81.8,80.4,81.45,178245,859
11-05-18,81.35,82.2,80.7,81.45,250291,962
10-05-18,82.8,86,80.8,81.8,206053,1349
09-05-18,84.25,84.5,83,83.3,196648,732
08-05-18,85.45,86,82.75,84.2,720835,1532
07-05-18,85,86,84.45,85.05,174467,900
04-05-18,85.1,86.4,83.45,85,393536,1760
03-05-18,88.4,88.65,85,85.85,506096,2211
02-05-18,88.55,89.5,86.3,86.95,717977,2099
30-04-18,88,88.95,87.1,88.15,207942,1292
27-04-18,85.95,88.2,85.35,87.6,296245,1394
26-04-18,85.95,86.9,84.75,85.9,158072,794
25-04-18,84.5,86.65,84.5,85.75,168423,895
24-04-18,84.6,86.2,84.6,85.1,127012,690
23-04-18,86,86,84.6,85.25,128667,1079
20-04-18,86.9,86.9,85.6,85.85,110681,711
19-04-18,87.3,88.4,86.55,86.9,178650,839
18-04-18,87.9,88.3,87.05,87.65,198982,1218
17-04-18,87.65,87.9,87,87.4,238421,1294
16-04-18,87,88.15,85.9,87.65,154757,851
13-04-18,87.1,88.65,87.1,87.5,175578,923
12-04-18,86.1,88.45,86.1,87.6,596041,2277
11-04-18,87.15,88,85.9,86.75,218166,941
10-04-18,85.1,87.6,84.1,87.1,1702239,2687
09-04-18,84,85.3,83.95,85.05,162161,656
06-04-18,83.95,84.8,82.65,84.25,188080,928
05-04-18,83.3,84.7,83.3,83.5,230482,1257
04-04-18,84.35,85.9,82.6,82.95,225879,1429
03-04-18,81.9,84.55,81.5,84.35,277562,1372
02-04-18,78.1,82.1,78.1,81.9,202235,1146
28-03-18,80,80.35,78.8,79.35,311940,1440
27-03-18,80.85,81.5,79.75,80,215567,948
26-03-18,80.75,81.2,78.85,79.95,401740,1834
23-03-18,79.35,80.15,78.1,79.75,249515,929
22-03-18,79.7,80.25,79.65,80.05,1362213,887
21-03-18,80.2,80.6,79.6,79.85,226794,1019
20-03-18,78.75,80.3,78.75,80.15,256210,963
19-03-18,80.45,80.5,78.8,79.3,210939,1053
16-03-18,80.2,80.65,79.7,79.95,185958,783
15-03-18,80.35,81.15,79.9,80.2,304123,914
14-03-18,81.3,81.5,80,80.35,652412,1245
13-03-18,80.5,82.1,80.25,81.3,528704,1449
12-03-18,80.5,80.9,79.95,80.65,558240,1173
09-03-18,79.9,81.5,79.55,79.9,503324,1764
08-03-18,78.9,80.3,77,79.9,1355700,3465
07-03-18,81,81.7,78.85,79.05,1616649,2010
06-03-18,82.9,83.1,81.35,81.75,301689,1101
05-03-18,84.3,84.5,81.4,82.1,328458,1597
01-03-18,85,85.8,84,84.2,772285,2216
28-02-18,85.2,85.75,84.05,84.6,267087,947
27-02-18,85.3,86.8,85.3,85.8,217084,725
26-02-18,85.75,87,85.5,85.8,397934,1276
23-02-18,84.5,86.2,84.5,85.65,297730,1211
22-02-18,86.25,87,83.7,85.05,243237,1454
21-02-18,85.55,87.8,84.65,86.05,323073,1609
20-02-18,86,86.8,85.5,86.25,279617,1789
19-02-18,86.55,86.75,85,85.8,268765,1324
16-02-18,86.3,87.3,85.8,86.55,299017,1535
15-02-18,88,88.25,85.6,86.3,379792,2047
12-02-18,85.75,87.3,85.3,86.8,314872,2506
09-02-18,83.5,85.9,82.8,85.1,400281,2157
08-02-18,84,86.15,84,85.1,422375,2606
07-02-18,82.9,86.3,82.9,84.75,651671,2840
06-02-18,83,84.05,80,82.8,1366736,7158
05-02-18,83.9,85.5,82,85,907237,3487
02-02-18,88.6,88.9,84.4,84.85,831867,4269
01-02-18,89.2,90.85,87.55,89.6,1083216,3963
31-01-18,90.5,91.15,88.65,89.1,396969,1826
30-01-18,89.95,91.35,88.2,90.6,605841,2430
29-01-18,90.3,91.05,89.6,90,399643,1745
25-01-18,91,92.65,89.6,90.15,407715,2523
24-01-18,92.5,92.85,91,91.7,401460,2260
23-01-18,92,93.4,91.9,92.5,656883,2542
22-01-18,92.5,92.7,91,91.9,525700,1931
19-01-18,90.65,92.5,90.35,92.25,615937,2059
18-01-18,94.4,94.5,90.1,90.6,901722,3014
17-01-18,93.75,93.95,91.4,93.25,531829,2433
16-01-18,97.85,98.45,93,93.75,1076395,3416
15-01-18,99.1,99.9,97.55,97.85,490634,1668
12-01-18,100.25,101.1,97.55,99.1,820872,2706
11-01-18,99,100.25,97.9,99.55,661049,2258
10-01-18,99,99.9,97.15,98.3,679717,2212
09-01-18,100.05,101.5,98.25,98.6,955283,3056
08-01-18,100.45,100.5,99,99.9,779976,2347
05-01-18,100,101.75,99.3,99.6,746340,2854
04-01-18,101,101.4,99.35,99.7,760379,2643
03-01-18,100.5,101.55,99.75,100.8,1843821,7605
02-01-18,98.1,100,96.1,99.45,2612069,8448
01-01-18,94.05,99.8,92.5,97.15,3925749,12023
29-12-17,92.5,94.7,92.4,93.85,850365,3247
28-12-17,93.4,93.45,91.75,92.3,744939,2601
27-12-17,93.95,94.3,91.7,92.3,791704,2370
26-12-17,96,96.2,92.8,93.3,1033715,3963
22-12-17,91.7,93.9,91,93.05,1227571,4397
21-12-17,90.6,91.75,90.6,91,3558868,1638
20-12-17,91.1,91.95,90.55,91,1563465,1523
19-12-17,91.65,91.9,90.65,91,3451905,1462
18-12-17,90,92.9,88.45,91,6137225,3279
15-12-17,91.9,92,90.85,91.25,319996,1639
14-12-17,90.3,91,89.4,90.5,301904,1533
13-12-17,90.05,91.6,89.9,90.3,508314,1961
12-12-17,93.3,93.3,90.5,90.75,516458,2652
11-12-17,92.3,94,90.45,93.55,762295,2822
08-12-17,91.05,95,91.05,91.65,962633,3365
07-12-17,88,91.1,87.85,90.8,977627,3433
06-12-17,88.35,90.2,87.15,87.5,558026,1766
05-12-17,89.9,90.05,88.15,88.9,524957,1833
04-12-17,91.1,91.75,89.3,89.9,445634,1970
01-12-17,95,95.65,89.9,90.35,854909,2979
30-11-17,95,95.7,93.7,94.7,687404,2254
29-11-17,95.75,97.05,94.35,94.9,742168,3111
28-11-17,95.85,96.9,94.6,95.9,2256181,4708
27-11-17,93.7,95.85,92.5,95.25,991999,3873
24-11-17,93,94.3,92.65,93.8,645380,2263
23-11-17,93.3,94.95,92.2,93.2,818497,3345
22-11-17,92.8,93.45,90.35,93,953143,3623
21-11-17,92,94.5,91.95,92.85,1492718,5987
20-11-17,89.45,92.4,89.05,91.75,1770479,8386
16-11-17,82.6,85.2,82.5,84.7,546853,2740
15-11-17,82.2,82.75,81.65,82.05,279398,1613
14-11-17,81.7,83.9,81.6,81.75,212565,1128
13-11-17,83,83.4,81.7,82,230014,1085
10-11-17,83.05,84.1,82.4,82.85,232583,1096
09-11-17,83.6,84.4,82.75,83.65,231831,1119
08-11-17,83.8,84.5,83,83.15,297250,1482
07-11-17,85.5,86.65,82.55,82.95,422486,2146
06-11-17,84.05,86.35,83.7,85.5,831011,4714
03-11-17,85.5,88.4,83.8,84.55,2714586,11395
02-11-17,85.5,85.6,84.05,84.75,369252,1825
01-11-17,85.2,86.15,84.45,85.15,543516,2363
31-10-17,86.75,86.75,84.55,84.8,482678,2334
30-10-17,85.4,87.4,85.4,86,663044,2994
27-10-17,82.15,85.75,82.15,85.25,2054669,5466
26-10-17,82.5,83.4,82,82.35,305600,1344
25-10-17,82.05,83.75,81.9,82.3,452251,2016
24-10-17,81.7,82.5,81.5,82.1,216656,1314
23-10-17,81.6,82,81.25,81.75,142549,739
19-10-17,82.25,82.6,81.1,81.75,118080,735
17-10-17,81.9,82,81.5,81.6,161916,719
16-10-17,81.2,82.2,81.2,81.75,277762,1651
13-10-17,82.5,82.5,81.45,81.6,315643,1672
12-10-17,81.5,82.1,80.55,81.7,319533,1673
11-10-17,81.7,82.55,80.5,81,450613,1998
10-10-17,81.6,82.05,81.3,81.55,373063,2010
09-10-17,80.25,82.1,80.25,81.45,608900,2307
06-10-17,79.05,80.65,79.05,80.45,347049,1519
05-10-17,77.8,79.15,77.8,78.95,226920,1236
04-10-17,77.35,78.35,77.35,78.05,279109,1510
03-10-17,78.4,79.5,77.1,77.35,450602,2027
29-09-17,77.6,78.65,77.3,77.75,507782,2145
28-09-17,78.05,78.9,77.35,77.7,527279,2813
27-09-17,80.6,80.9,78,78.35,560639,2884
26-09-17,83,83.5,79.7,80.05,699842,3740
25-09-17,81.55,82.6,80.5,81.95,890857,3869
22-09-17,83,83,80.15,80.5,488099,2660
21-09-17,84.5,84.5,82.9,83.2,375325,2299
20-09-17,86.1,86.5,83.9,84.15,903190,3271
19-09-17,83.55,85.75,82.6,84.85,740548,3782
18-09-17,84.5,85.3,83.5,83.8,498076,2127
15-09-17,84.9,85,83.9,84.4,632983,2838
14-09-17,85.2,87.3,84.9,85.4,1286473,5686
13-09-17,84.9,86.7,83.7,84.8,3683052,14942
12-09-17,81.2,81.8,80.75,80.95,517102,2322
11-09-17,77.55,80.75,77.55,80.45,748560,3273
08-09-17,77.65,78.25,76.8,76.95,256822,1609
07-09-17,78.05,78.4,77.4,77.8,375331,1454
06-09-17,78,78.7,77.9,78.05,140692,745
05-09-17,78.75,79,78.05,78.3,256888,1120
04-09-17,80,80,78.1,78.65,234736,1311
01-09-17,79,80.5,79,79.75,340063,1682
31-08-17,77.5,79.45,77.5,79.1,306294,1520
30-08-17,77.2,77.95,77.05,77.6,157130,1185
29-08-17,80.7,80.7,76.7,76.9,424843,3243
28-08-17,79,79.55,78.5,78.9,146128,997
24-08-17,79.1,80.85,78.95,79.25,446137,2635
23-08-17,80,80.2,78.65,78.8,180881,1086
22-08-17,80.5,81.35,79.55,79.95,191398,945
21-08-17,80,80.9,80,80.1,152544,886
18-08-17,81,81.2,80.1,80.3,180126,1795
17-08-17,82.85,82.85,81,81.35,279702,1647
16-08-17,81.8,83.55,81.5,82.15,1013775,4564
14-08-17,76.95,81.15,76.5,79.5,645453,3550
11-08-17,76,77,75.9,76.65,117085,618
10-08-17,77.05,77.75,76,77.05,171211,1135
09-08-17,78.05,78.15,77.15,77.75,190719,1027
08-08-17,80.85,80.85,78.15,78.25,152651,755
07-08-17,80.25,80.85,79.8,80,146512,768
04-08-17,82,82.65,79.75,80.25,231757,1228
03-08-17,82,83.4,82,82.6,156682,885
02-08-17,83.1,83.1,82.2,82.6,85219,542
01-08-17,81.85,83.15,81.75,82.75,126742,837
31-07-17,82.5,82.7,81.25,81.85,198224,815
28-07-17,82.5,82.5,81.2,81.8,143445,817
27-07-17,83,83.1,81.6,81.95,130874,821
26-07-17,84,84,81.8,82.35,177767,965
25-07-17,83.8,83.8,82.55,82.8,77719,431
24-07-17,83,83.5,82.75,83,125115,642
21-07-17,83.2,83.5,82.5,83.3,173833,692
20-07-17,83.5,83.5,82.5,82.75,165368,747
19-07-17,82.4,83.2,81.95,82.95,250086,1199
18-07-17,83.4,83.95,82.1,82.4,153145,671
17-07-17,82.95,84.1,82.95,83.3,207402,927
14-07-17,83.9,83.9,82.75,82.95,307113,784
13-07-17,83.9,83.9,82.95,83.25,149432,855
12-07-17,83.95,83.95,82.8,83.05,142553,801
11-07-17,83.65,84.05,82.75,83,240835,1457
10-07-17,82.25,83.65,82.25,83.45,1403887,7464
07-07-17,82.45,82.9,81.3,81.55,183153,1220
06-07-17,81.6,82.5,81.6,81.95,133852,824
05-07-17,82,82.3,81.3,81.6,276258,947
04-07-17,80.95,81.5,80.75,81.1,210337,896
03-07-17,80.5,81,79.9,80.35,207262,1467
30-06-17,81,81.45,80.3,80.55,207381,1149
29-06-17,81.7,82.6,80.9,81.5,250874,1212
28-06-17,82,82,80.95,81.6,242046,1321
27-06-17,82,83.9,80.85,81.05,335243,2343
23-06-17,82.65,82.85,81.15,81.4,291375,1098
22-06-17,81.85,83.4,80.8,82.45,943363,3854
21-06-17,82.35,82.5,81.35,81.8,360001,1535
20-06-17,78.05,82.5,78,82.15,988549,5152
19-06-17,78.25,78.7,77.2,78,183812,665
16-06-17,77.05,78.4,76.9,77.85,132190,990
15-06-17,77.9,77.9,76.85,77.05,630599,1332
14-06-17,78,78,76.95,77.55,178040,1583
13-06-17,79.5,79.6,77.55,78.1,134905,841
12-06-17,77.75,79,76.7,78.7,205336,1810
09-06-17,79.45,79.45,77.5,77.7,259249,1721
08-06-17,79.2,79.75,78.6,79,152376,907
07-06-17,79.5,80,79.2,79.75,141185,1720
06-06-17,81.6,81.6,79.15,79.35,166218,918
05-06-17,81.25,81.25,80.55,80.8,161254,775
02-06-17,82,82,80.7,80.85,132109,796
01-06-17,81.35,81.35,80.1,80.55,196774,2359
31-05-17,82.2,82.3,80.7,81,199352,1519
30-05-17,81.75,82.7,80.85,82.35,201251,931
29-05-17,81.5,81.5,79.8,81.05,258773,2377
26-05-17,80.35,81.3,79.5,80.95,206337,2302
25-05-17,81.5,81.5,79.8,80.35,186724,3119
24-05-17,81.45,81.65,79.9,80.05,274980,2591
23-05-17,82.7,82.7,80,80.35,195237,1165
22-05-17,84.9,84.9,80.65,82.05,546229,2569
19-05-17,86.4,86.4,83.1,84.2,596158,2289
18-05-17,84.8,85.65,83.5,83.7,171186,1127
17-05-17,84.7,86.05,83.7,85.35,662248,2341
16-05-17,83.5,85.9,83.5,83.85,659785,2409
15-05-17,82.1,83.65,82.1,83.3,317164,1036
12-05-17,82.6,83.25,81.9,82.1,119965,606
11-05-17,82.05,82.65,81.7,82.45,200317,1123
10-05-17,83.1,83.5,81.5,81.7,1748339,1482
09-05-17,83.2,83.3,82.75,83,89535,582
08-05-17,83.05,83.45,82.5,82.85,154828,720
05-05-17,83.25,83.85,82.45,83.15,249091,1102
04-05-17,82.25,83.25,81.9,82.85,293385,1472
03-05-17,83.35,83.95,82,82.15,201354,1200
02-05-17,84,84.5,83.05,83.3,224086,1131
28-04-17,84.25,84.7,82.75,84.15,304749,1136
27-04-17,85,85.8,84,84.6,162310,1344
26-04-17,85.2,85.55,84.55,84.8,159998,1046
25-04-17,86.8,86.85,85,85.15,212174,1388
24-04-17,84.5,86.2,84.25,85.95,221518,1266
21-04-17,85.3,85.3,83.65,83.95,222651,1143
20-04-17,86.4,86.4,83.95,84.15,202741,1703
19-04-17,83.75,86.6,83.75,85.3,441056,2289
18-04-17,84.3,84.5,83.2,83.4,321974,1480
17-04-17,84.2,84.9,83.7,83.9,190723,1053
13-04-17,85,85.2,84.05,84.35,243438,1283
12-04-17,85.25,85.8,83.9,85.45,645503,2509
11-04-17,87.1,90.2,81.3,85.4,2962081,14084
10-04-17,87.3,89.5,86.95,87.1,185809,822
07-04-17,87.1,87.75,86.35,87.2,247629,1679
06-04-17,88.05,88.2,86.7,87.25,236275,2965
05-04-17,89,89.7,87.9,88.1,463006,2514
03-04-17,91.25,91.25,88.95,89.15,330964,3520
31-03-17,90.8,91.1,89.15,90.5,344474,3062
30-03-17,90.15,90.55,89.2,89.6,339945,1843
28-03-17,87.3,89.45,86.6,88.8,353766,2102
27-03-17,87,87.4,85.6,87.05,354970,1682
24-03-17,87.4,87.95,86.15,86.5,262034,1957
23-03-17,87,87.65,86.75,87,705994,1485
22-03-17,87.5,87.5,86.3,86.8,462250,946
21-03-17,87.5,88,86.45,87.65,1031534,1414
20-03-17,86.35,87.7,86.1,86.8,509174,1933
17-03-17,86.8,87.15,85.65,86.1,1638576,1906
16-03-17,85.25,86.4,85.1,86,817904,1801
15-03-17,83.4,85.6,83.4,84.8,380419,2092
14-03-17,83.8,83.8,82.35,83.4,746741,1754
10-03-17,82,83.1,81.3,81.95,206265,1666
09-03-17,82,82.8,81.5,82.15,206237,3858
08-03-17,83.15,83.3,81.95,82.15,168792,2094
07-03-17,82.7,83.8,82.7,83,332695,2915
06-03-17,81.95,82.8,81.85,82.05,1057910,3913
03-03-17,81,82.8,80.85,81.95,280278,1500
02-03-17,82.05,82.7,80.75,81,261735,1726
01-03-17,82.65,83.35,81.7,81.85,474649,1725
28-02-17,82.8,84.55,82.3,82.6,1069759,2286
27-02-17,83.5,83.95,82.55,82.8,639223,1981
23-02-17,84.1,85.3,83.1,83.5,1033161,2435
22-02-17,84.7,85.7,83.45,84.05,1096802,2384
21-02-17,86,86,83.8,84.1,309126,2077
20-02-17,84.15,85.8,84.15,84.95,1997440,2678
17-02-17,83,84.8,82.75,84.15,459632,3730
16-02-17,82,83.3,81.4,83.05,178571,2198
15-02-17,82.8,84,81.4,81.65,281241,2074
14-02-17,83.3,83.9,82.7,83.4,324723,2806
13-02-17,82.5,83.5,81.55,83.3,373181,2893
10-02-17,81.8,82.95,81.1,81.55,668617,3865
09-02-17,81.6,82.5,80.6,81.55,208757,1456
08-02-17,82,82.4,81.1,81.55,135462,1067
07-02-17,82,82.55,80.85,81.3,369658,2017
06-02-17,81.3,82.35,80.6,82.1,278693,2105
03-02-17,83.4,83.4,80.2,80.45,374134,2318
02-02-17,80.05,81.9,79.7,80.5,274629,2274
01-02-17,80.1,80.75,79,80.45,291767,1759
31-01-17,80.5,82.7,79.4,79.9,684326,4301
30-01-17,81,81.75,80.3,80.5,257391,1622
27-01-17,80.2,81.5,80.2,81,333898,1690
25-01-17,79.85,81.3,79.2,79.95,453556,2402
24-01-17,77.5,80.2,77.5,79.85,224989,1946
23-01-17,77.7,78.55,77.3,77.4,155085,1095
20-01-17,79.6,79.6,77.2,77.4,213843,1390
19-01-17,78.65,79.7,78.6,79.3,182450,1359
18-01-17,77.8,79.05,77.8,78.65,188630,1282
17-01-17,78,78.4,77.5,77.55,2015127,2553
16-01-17,79,79.55,77.55,77.85,1624438,2347
13-01-17,80,80.25,78.65,79.3,431109,2456
12-01-17,77.05,80.2,77.05,79.35,770184,4027
11-01-17,77.25,77.9,76.9,77.05,206448,1115
10-01-17,76.45,77.35,76.45,77.15,173825,1773
09-01-17,77.05,77.2,76.2,76.4,91523,607
06-01-17,76.8,77.6,76.8,77.15,220545,2462
05-01-17,75.9,77.05,75.9,76.85,213644,1523
04-01-17,75.8,76.7,75.45,75.85,149782,1258
03-01-17,75.8,76.25,75.1,75.7,165184,1277
02-01-17,76.5,76.5,75.25,75.4,176852,1075
30-12-16,75.6,77.95,75,75.7,474492,2949
29-12-16,73.95,75.8,73.55,74.95,155385,1170
28-12-16,73.6,74.9,73.6,73.95,121988,917
27-12-16,73,73.85,72.9,73.5,188837,917
26-12-16,74,74.2,73.2,73.45,143142,886
23-12-16,74.8,75.2,72.6,73.95,257383,1859
22-12-16,75.85,76.4,74.5,74.75,188589,1262
21-12-16,76.5,77.25,75.85,76.1,283652,1514
20-12-16,77.5,79.35,76.4,76.6,413241,2308
19-12-16,76.6,78,76.6,77.25,122112,1107
16-12-16,78.2,78.4,76.3,76.55,222079,1463
15-12-16,78.5,80.2,77.65,78.25,743102,2541
14-12-16,77.25,78.75,77.25,78.45,394006,2006
13-12-16,77.15,77.7,76.6,77.4,227290,1297
12-12-16,76.95,76.95,75.8,76.55,137468,795
09-12-16,76,77.5,75.15,77.15,464638,3510
08-12-16,75.1,75.85,74.8,75.55,236250,2192
07-12-16,75.3,77.9,74,74.4,910741,5048
06-12-16,74.5,75.95,74.5,75.25,884523,4884
05-12-16,73.5,74.5,72.9,73.25,291803,1526
02-12-16,72.8,74.7,72.5,73.6,542113,2769
01-12-16,75,75.15,72.55,72.85,529517,2499
30-11-16,72.75,74.35,71.05,73.9,759459,4340
29-11-16,73.75,73.75,72,72.2,351617,2007
28-11-16,70,73.15,70,72.75,299455,2567
25-11-16,69.45,70.65,69.4,69.95,108270,701
24-11-16,69.3,69.9,68.6,69.25,118329,847
23-11-16,69.7,69.85,68.7,69.25,265921,3342
22-11-16,68.5,69.65,68.4,68.85,167268,1673
21-11-16,70.2,70.45,68,68.55,249286,1861
18-11-16,70.5,70.85,69.6,70.05,416905,2109
17-11-16,71,72.5,69.7,70.05,254198,1365
16-11-16,69.2,71.4,69.2,70.7,420737,2289
15-11-16,72.4,72.5,68.6,69.45,424660,2405
11-11-16,74.6,74.6,71.6,72.05,323376,1740
10-11-16,71.7,77,71.7,75.1,359460,3050
09-11-16,73.8,73.8,67.1,71.65,883983,7473
08-11-16,75.5,75.6,74.25,74.45,182492,957
07-11-16,74.65,76.4,74.6,75.4,218517,1420
04-11-16,76.7,77.4,74.15,74.65,287403,1797
03-11-16,77,78.5,76.1,76.75,403814,1463
02-11-16,78.1,78.1,76.85,77.05,173982,971
01-11-16,78.25,79.5,76.75,78.15,296801,1609
30-10-16,79,79.25,77.85,78.15,71509,661
28-10-16,79.65,81.2,78.35,78.45,355666,1853
27-10-16,76.05,80,76.05,79.55,709455,3323
26-10-16,81.5,82.9,80,80.65,212831,1208
25-10-16,82,83.25,81,82.35,417074,1871
24-10-16,84.05,84.45,83.35,83.6,270949,1318
21-10-16,82.2,83.8,81.5,83.55,879042,2797
20-10-16,80.8,83.35,80.8,81.85,454081,2301
19-10-16,77.6,81.55,77.6,81.15,460938,2622
18-10-16,77.9,78.8,77.9,78.4,210153,838
17-10-16,79,79,77.4,77.55,169950,795
14-10-16,78.5,78.85,77.7,78.45,123344,765
13-10-16,80.9,80.9,77.55,77.95,227020,1298
10-10-16,81.05,82,80.6,80.9,315068,2063
07-10-16,79.55,81,78.25,80.5,477881,2422
06-10-16,78.2,80.65,77.95,78.8,713648,3180
05-10-16,77.6,78.75,77.6,78.2,462252,1960
04-10-16,76.5,78.2,76.5,77.2,1033947,4723
03-10-16,75.45,76.75,75.45,76.4,404802,1477
30-09-16,73,75.65,72.8,75.3,492900,1553
29-09-16,76.2,76.2,71.8,73.45,1901892,1869
28-09-16,74.75,76.05,74.75,75.85,245136,1189
27-09-16,75.9,75.9,74.2,75.05,2806534,1350
26-09-16,75.65,76.6,75.5,75.8,181655,1005
23-09-16,76,76.05,75.35,75.6,214236,783
22-09-16,76.5,76.6,75.75,76,223395,929
21-09-16,75.7,76.7,75.65,76.25,423477,1625
20-09-16,76.9,77.35,75.3,75.7,341769,1137
19-09-16,75,76.9,74.15,76.6,436651,1900
16-09-16,74.8,75.9,74.6,75.2,423854,1768
15-09-16,76.2,76.95,74.5,74.75,482793,2056
14-09-16,73.8,76.05,73.8,75.25,381309,1549
12-09-16,76.1,76.2,73.6,74.4,784998,2523
09-09-16,77.5,78.45,76.85,77.1,1382375,3398
08-09-16,76.55,77.85,76.55,77.5,305076,1726
07-09-16,78.1,78.1,76.25,76.55,656908,1872
06-09-16,78.9,79.5,78.1,78.4,709421,2193
02-09-16,78.5,79.2,77.4,78.65,478049,2030
01-09-16,79.9,80.35,77.45,77.95,1003911,6472
31-08-16,77.4,78.9,76.5,78.25,812545,3145
30-08-16,76,77.4,76,76.85,550826,2185
29-08-16,75.3,76.2,75.15,75.9,252129,1060
26-08-16,75.85,76.25,75,75.7,368537,1795
25-08-16,76.45,77,75.25,75.7,352470,1872
24-08-16,74.25,76.7,74,76.45,798192,3606
23-08-16,77.15,78.3,73.8,74.75,1974040,8416
22-08-16,78.4,79.2,76.9,77.25,652146,2566
19-08-16,77.6,78.45,76.7,77.95,431358,2459
18-08-16,78.25,78.45,76.4,76.9,566581,2477
17-08-16,76.9,78.3,75.9,77.6,939602,3907
16-08-16,75,77,75,76.5,827837,3599
12-08-16,75,76,73.75,74.95,769616,3311
11-08-16,74.05,75.9,73.3,74.45,539948,2734
10-08-16,75.95,76,73.5,74,682235,2418
09-08-16,73.1,76.3,73.1,75.15,1910578,8034
08-08-16,71.9,73.3,71.1,72.85,421940,1836
05-08-16,71,71.5,70.85,71.1,231073,1133
04-08-16,71.55,71.85,70.65,70.85,315429,1629
03-08-16,72.9,73,71.15,71.5,679959,2065
02-08-16,71.65,72.75,71.65,71.9,481952,1505
01-08-16,72.15,73.1,71.1,72.05,354934,1440
29-07-16,70.8,72.45,70.75,72,356285,1481
28-07-16,71.05,71.4,70.5,70.75,374058,1375
27-07-16,71.3,71.8,70.75,71.1,237938,1801
26-07-16,72.3,73,71.15,71.5,377700,1577
25-07-16,72.5,72.5,71.3,71.95,207927,962
22-07-16,71.5,72.35,71.1,72.05,211628,1475
21-07-16,73,73.05,70.6,70.8,358966,3487
20-07-16,70.8,72.85,70.65,72.35,374689,2781
19-07-16,70.25,71,69.7,70.4,314908,2380
18-07-16,72,72,70.05,70.35,226818,1982
15-07-16,72,72.3,71.2,71.55,236672,1448
14-07-16,71.1,72,71.1,71.75,216894,1614
13-07-16,72.85,73.3,71.85,72.05,285568,1529
12-07-16,74.4,74.4,72.6,72.75,650704,2580
11-07-16,73.5,74.1,73.4,73.85,474970,2081
08-07-16,74,74.15,72.9,73.35,231016,1289
07-07-16,74,74.35,73.4,73.55,221460,1356
05-07-16,75,75,74,74.35,264106,1170
04-07-16,74.65,75.5,74.55,74.85,362125,2027
01-07-16,74,74.95,73.9,74.45,480284,2791
30-06-16,72.7,73.65,72.65,73.45,345372,2067
29-06-16,72,73.2,72,72.65,293773,2051
28-06-16,72.1,72.7,71.6,71.85,250197,1294
27-06-16,72.65,73,71.75,72.2,411106,1605
24-06-16,71,72.95,69.4,72.65,683972,4007
23-06-16,73.7,74.65,71.95,72.45,846538,2819
22-06-16,73.5,74.2,73.2,73.65,232456,1507
21-06-16,75.4,75.4,73.2,73.4,303939,1757
20-06-16,73,75.35,72.55,75.15,295568,1852
17-06-16,76,76,72.45,73.65,677173,3562
16-06-16,77.1,77.1,74.5,76.25,405254,2393
15-06-16,76,77,75.65,76.5,355775,2734
14-06-16,76,76.3,74.75,75.75,309637,1640
13-06-16,77.5,77.95,75.15,75.75,971080,4597
10-06-16,75.9,76.65,75.35,76,480784,1939
09-06-16,76.1,77.15,75.25,75.7,747387,3227
08-06-16,73.1,75.85,72.9,75.55,664110,2883
07-06-16,74.4,74.65,73.2,73.55,178697,1061
06-06-16,74,74.95,72.95,74.25,259084,1670
03-06-16,72.3,74.35,72.3,73.85,465625,2047
02-06-16,72.7,73.45,71.75,72.1,531881,1908
01-06-16,74.5,74.95,72.5,72.85,291667,1411
31-05-16,75.5,75.6,73.4,73.85,295585,1395
30-05-16,72.5,75.9,72.3,75.1,562027,2517
27-05-16,73.25,74.7,72.4,72.7,435388,1856
26-05-16,73.35,73.8,72.4,73.5,312661,1430
25-05-16,72.05,73.35,71.8,73.1,876032,1973
24-05-16,72.5,72.7,71.3,71.7,779973,3511
23-05-16,71.2,71.5,70.3,70.7,400620,2039
20-05-16,68.5,70.1,68.3,69.4,361166,1533
19-05-16,70.1,70.3,68.1,68.4,323556,1256
18-05-16,69.9,70.5,69.3,69.85,384109,1272
17-05-16,70.3,70.6,69.6,69.95,221552,778
16-05-16,70.4,70.8,69.4,70.25,163180,785
13-05-16,70.8,71.1,69.6,70.3,364262,1406
12-05-16,71.1,72.05,70.6,70.85,220673,1079
11-05-16,71,72.3,70.9,71.05,196559,1446
10-05-16,73.45,73.45,71.85,72.5,244246,1233
09-05-16,72.9,74,72.25,73.25,501400,2449
06-05-16,70.1,72.4,70,72.1,321678,1522
05-05-16,70.8,71.2,69.95,70.3,233958,1069
04-05-16,70.65,72,70.15,70.5,353561,1759
03-05-16,71,73.45,70.8,71.1,979695,4343
02-05-16,70.6,71,69.4,70.15,438881,1655
29-04-16,69,70.9,68.45,70.55,450304,1962
28-04-16,70.85,70.9,68.9,69.3,227745,1173
27-04-16,72.45,72.45,70.35,70.85,332468,1338
26-04-16,69.6,72.2,69.45,72,531200,2327
25-04-16,70,70.4,68.8,69.4,229966,1101
22-04-16,69.8,70.9,69.75,69.95,285784,1275
21-04-16,70.6,71.35,68.85,69.55,288053,1349
20-04-16,69.4,71.45,69.4,70.55,479592,2275
18-04-16,70,70.25,68.7,69.45,367212,1857
13-04-16,68.95,70.15,68.4,69.95,816006,3263
12-04-16,67.95,69.15,67.5,67.75,5758828,2174
11-04-16,65.95,67.9,65.6,67.55,676276,2481
08-04-16,64.65,66.1,64.3,65.75,786869,3483
07-04-16,67.7,70,60.6,64.1,6541424,26376
06-04-16,67,67.65,66.1,66.65,348757,1605
05-04-16,68,68.5,66.5,66.8,548626,2505
04-04-16,65.9,69.65,65.8,68.2,909873,4694
01-04-16,64.8,65.5,63.75,65.2,491969,2522
31-03-16,63.1,65.05,63.1,64.65,1483194,3947
30-03-16,61.4,63.1,61.2,62.6,572773,2112
29-03-16,60.9,62.35,60.35,61.3,438751,1612
28-03-16,63.5,63.5,60.65,60.95,371061,1616
23-03-16,63.1,63.3,62.45,62.65,892415,3635
22-03-16,59.5,61.9,59.1,61.75,565473,2703
21-03-16,58,59.3,58,59.15,211759,991
18-03-16,58.65,58.8,58,58.45,488592,1226
17-03-16,59.25,59.35,58.35,58.45,133161,740
16-03-16,58.9,59,58.15,58.65,147412,848
15-03-16,59,59.3,58.75,58.85,134353,690
14-03-16,58.9,59.75,58.8,59.05,2523771,915
11-03-16,58.85,59.35,58.6,58.8,194065,890
10-03-16,58.8,59.5,58.65,58.85,313648,1578
09-03-16,57.9,59.05,57.55,58.85,343883,1239
08-03-16,59.3,59.9,58.5,58.8,406457,1628
04-03-16,59.65,59.9,58.75,59.2,541094,1578
03-03-16,59.1,59.9,58.5,59.55,285623,1279
02-03-16,59.4,59.75,58.65,58.85,446190,2031
01-03-16,56.7,58.6,56.7,58.3,306081,1633
29-02-16,57.9,58.35,56.35,57.35,297724,1428
26-02-16,58,58.1,57.15,57.65,159690,805
25-02-16,57.9,58.9,56.95,57.25,354284,1382
24-02-16,58,58.45,57.55,57.75,119299,630
23-02-16,58.65,59,57.8,58,218625,889
22-02-16,59.05,59.4,58.4,58.6,176495,739
19-02-16,59,59.8,58.4,58.8,471849,1455
18-02-16,59,59.7,58.5,59.1,501204,1674
17-02-16,59,59,57.05,58.8,259368,1244
16-02-16,60.3,61.9,58.05,58.6,851659,2974
15-02-16,56.75,60.15,56.75,59.7,706686,2429
12-02-16,57,57.7,55,56.55,512206,2118
11-02-16,59.2,59.5,55.7,56.3,479078,2503
10-02-16,59.6,59.75,57.8,59.2,281607,1525
09-02-16,59,60,58.2,59.6,339849,1530
08-02-16,60,60.6,58.65,58.85,670444,2628
05-02-16,60.15,60.6,59.45,60.4,574850,2398
04-02-16,58.4,59.7,57.25,59.1,349721,1744
03-02-16,58,58.4,56.55,57.1,619300,2212
02-02-16,60.9,60.9,58.6,58.95,340789,1454
01-02-16,61,61,60.1,60.55,289520,1193
29-01-16,60.1,61.35,59.95,60.35,371947,1382
28-01-16,61.5,61.75,60,60.15,213315,1131
27-01-16,62.05,62.1,61,61.3,173433,1080
25-01-16,62.5,62.6,61.05,61.4,194328,944
22-01-16,62,62.5,61.4,61.8,278641,1095
21-01-16,62,62.85,60.25,61.25,418820,1719
20-01-16,63.8,63.8,60.55,61.65,516132,2571
19-01-16,62.5,64.9,61.6,64.35,401479,1819
18-01-16,61.1,63.4,61.1,61.65,459563,1637
15-01-16,65.85,65.85,61.15,61.75,348944,1928
14-01-16,65,65.75,63.5,64.75,251707,1593
13-01-16,67.8,67.85,64.4,65.65,359613,1851
12-01-16,67.8,68.25,66.4,67.15,265089,1202
11-01-16,68,68,66.3,67.15,354035,1428
08-01-16,66.6,69.25,66.45,68.65,321924,1565
07-01-16,68,68.4,65.85,66.2,359600,1251
06-01-16,68.9,69.7,68,68.7,278189,1388
05-01-16,68.35,70.75,68.35,69.35,697638,2629
04-01-16,69.1,69.8,67.5,68.3,302571,1406
01-01-16,68,69.45,67.85,68.9,312654,1463
31-12-15,67.95,68.95,67.6,67.9,296675,1686
30-12-15,68.65,68.65,67.45,67.7,352307,1601
29-12-15,67.9,67.9,66.75,67.15,278866,1063
28-12-15,66.75,68.45,66.75,67.6,491084,2341
24-12-15,66.45,66.5,65.5,66.35,172997,803
23-12-15,65.9,66.15,65.3,65.65,188523,795
22-12-15,65,66.3,64.75,65.3,511858,2059
21-12-15,65,65.5,64.5,64.95,267301,1192
18-12-15,65,65.95,64.6,65.15,502946,2504
17-12-15,62.5,64.75,62.25,64.55,598667,2365
16-12-15,61.2,63.1,61.2,62.05,330146,1787
15-12-15,61.2,62.2,61.05,61.4,350266,1645
14-12-15,62,62.5,61.4,61.65,217635,1061
11-12-15,62.6,63.2,61,61.9,287276,1537
10-12-15,61.3,62.95,61.3,62.6,283717,1297
09-12-15,63.4,63.5,61.7,62,349431,1499
08-12-15,64,64.2,62.8,63.4,309248,1755
07-12-15,65,65,64.1,64.25,243180,1186
04-12-15,65.65,66.05,64.2,64.35,363571,1825
03-12-15,66,66.75,65.2,65.65,306728,1536
02-12-15,66.85,67,65.95,66.25,243503,1163
01-12-15,68,68,66.3,66.6,413488,1742
30-11-15,66.95,67.9,66.45,66.85,347003,1746
27-11-15,67.2,67.3,66,66.25,423716,1864
26-11-15,66.6,67.1,66.15,66.35,408785,1452
24-11-15,66.9,67.35,66.35,66.6,140533,781
23-11-15,66.45,67.2,66.45,66.95,128139,743
20-11-15,66.15,67.5,66.15,66.55,247729,1035
19-11-15,67,67,66.1,66.7,291106,1196
18-11-15,67.4,68.15,65.65,65.85,318415,1639
17-11-15,67.4,68.15,67,67.4,246127,1137
16-11-15,68,68.6,66.7,67.25,391390,1757
13-11-15,68.55,68.85,67.6,68.3,296569,1132
11-11-15,68.9,69.15,68.15,68.4,94622,599
10-11-15,69.5,69.9,67.55,67.95,537224,2149
09-11-15,67,69.6,66.05,68.35,986490,3918
06-11-15,69,69.3,66.7,67.6,266361,1134
05-11-15,68.65,69.5,68.25,68.5,506264,1197
04-11-15,69.7,69.7,68.5,68.65,259232,906
03-11-15,69.7,69.7,68.45,68.9,129482,676
02-11-15,68.8,69.15,68,68.85,183992,929
30-10-15,69.8,71.65,68.6,68.9,951804,3484
29-10-15,69.6,70,68.6,69.6,455207,1838
28-10-15,70.25,71,69.4,69.6,257624,1250
27-10-15,71.2,71.4,70.15,70.95,286215,1370
26-10-15,72,72,70.1,70.55,298977,1150
23-10-15,71,71.45,70.1,70.4,201389,918
21-10-15,71.5,71.5,69.45,70.55,362553,1407
20-10-15,69.25,72.45,69.25,70.85,668763,3346
19-10-15,70,70.1,68.85,69.3,227047,1216
16-10-15,70.4,70.5,69,69.6,170626,992
15-10-15,70,70.95,70,70.15,226357,1413
14-10-15,70.15,70.4,69.5,69.65,162502,1024
13-10-15,70.3,70.45,69.45,70.2,162294,956
12-10-15,70,71.25,69.6,70,366101,2325
09-10-15,70.5,71,69.35,69.65,171640,1094
08-10-15,70.45,70.95,69.15,70.35,321162,1843
07-10-15,69.45,70.75,68.5,70.3,356929,2203
06-10-15,67,69.35,67,69,836951,2063
05-10-15,66.9,67.4,65.85,67.1,258196,1538
01-10-15,64.95,66.65,64.95,65.75,173405,1207
30-09-15,67.45,67.45,64.8,65.05,142393,1084
29-09-15,62.5,66.2,62.5,66.05,290521,1882
28-09-15,65.95,66.9,63.75,65.5,436222,2440
24-09-15,63.1,66.3,62.75,64.95,454681,2840
23-09-15,62.8,63.95,62,63.15,160870,975
22-09-15,64.6,65.45,62.15,62.9,160699,1295
21-09-15,63.9,65.7,63.55,64.5,369869,2105
18-09-15,61.5,64.65,61.5,64,324881,2043
16-09-15,62.1,62.3,61.25,61.95,113087,924
15-09-15,62,62,60.65,61.45,154800,927
14-09-15,60,62.05,59.5,61.8,381502,1833
11-09-15,61.25,61.5,58.95,59.55,452428,2215
10-09-15,59.15,61.15,58.4,60.85,322171,2054
09-09-15,59.2,59.8,58.65,59.15,421013,2056
08-09-15,56.95,59,56.25,58.65,504996,2473
07-09-15,57.6,58.1,55.55,56.3,497863,2206
04-09-15,59.9,59.9,56.1,56.55,676234,4357
03-09-15,59.5,60.35,58.65,59.9,214216,1246
02-09-15,61,61,58.3,58.65,234386,1516
01-09-15,60.55,60.75,59.75,60.35,578749,1647
31-08-15,61,62.1,60.1,60.7,2273364,2396
28-08-15,61.6,62.3,59.65,61.05,513105,2950
27-08-15,62,62,60.4,60.75,338077,1724
26-08-15,58.9,61.6,57.85,60.2,560121,3091
25-08-15,61.3,63.2,55.7,58.85,1320202,7652
24-08-15,66.5,66.85,61.9,62.3,704899,5320
21-08-15,67.5,68.45,66.1,68.15,402618,1927
20-08-15,68,68.5,66.25,67.6,639579,2158
19-08-15,68.1,68.1,67.2,67.4,267794,1343
18-08-15,69,69,67.6,68.1,444006,2496
17-08-15,69.7,70,68.15,68.65,206019,1411
14-08-15,70,70,69.05,69.7,359900,2563
13-08-15,68.2,70.85,68.05,69.2,1113169,6085
12-08-15,68,68.5,67.35,67.55,250380,2009
11-08-15,69.15,69.85,67.95,68.15,236352,1387
10-08-15,69.6,70.15,68.75,69.15,298957,1236
07-08-15,70.8,70.8,68.85,69.15,221446,1242
06-08-15,70.5,70.5,69.25,69.75,169663,1060
05-08-15,70,70.9,69.5,69.9,278879,1721
04-08-15,69,70.1,68.6,69.75,224011,1675
03-08-15,68.7,69.9,68.7,69.45,235547,1468
31-07-15,69.6,70.4,68.3,68.6,310565,2113
30-07-15,68.35,69.95,67,69.6,470149,3053
29-07-15,71.1,71.1,67.15,68.35,702137,4332
28-07-15,71.5,71.75,70.1,70.9,226658,1133
27-07-15,71.65,72.1,70.25,71.1,207936,1455
24-07-15,72.3,72.3,71.45,71.65,174091,1140
23-07-15,73,73.3,71.5,71.65,3023853,2158
22-07-15,72,73.55,71.6,72.9,271883,1337
21-07-15,74.4,74.55,72,72.15,199327,1150
20-07-15,75.9,75.9,73.95,74.4,217317,1358
17-07-15,76.7,76.75,75.7,75.95,313620,1343
16-07-15,74.45,76.2,74.2,76,309071,1929
15-07-15,73,74.9,72.8,74.45,234274,1151
14-07-15,72.8,73.45,72.3,72.9,187912,1367
13-07-15,71.7,73,71.5,72.8,309606,1319
10-07-15,72.75,72.8,71.3,71.7,266577,1573
09-07-15,72.5,73,72.15,72.35,105040,758
08-07-15,73.5,73.5,72.1,72.5,143166,1117
07-07-15,74.45,75.15,73.5,73.7,169075,1044
06-07-15,74,74.65,72.7,74.35,163345,1001
03-07-15,75.25,75.25,74,74.2,106465,831
02-07-15,75.4,75.4,74.4,74.65,183322,1072
01-07-15,74.15,75.25,73.6,74.7,197613,1085
30-06-15,73.25,74.2,73,74.05,675077,1109
29-06-15,73,73.65,72,72.85,214290,1266
26-06-15,75.5,75.5,73.3,73.8,241909,1155
25-06-15,73.4,75.2,73,74.85,260617,1527
24-06-15,74.45,74.95,73.25,73.65,204205,1088
23-06-15,73.5,74.7,73.25,74.1,297303,1395
22-06-15,72.2,74.7,71.6,74.55,374081,2040
19-06-15,73.3,73.55,72,72.15,365188,1474
18-06-15,72.6,73.35,71.95,73.1,279167,2263
17-06-15,74,74,72.6,72.85,227534,1912
16-06-15,72.4,74.25,71.75,73.95,337695,3616
15-06-15,72.95,73.55,71.4,72.1,2452257,2350
12-06-15,70.2,72.9,69.7,72.6,422086,2925
11-06-15,74.45,74.6,69.65,70.15,982892,3465
10-06-15,72,74.4,72,73.75,329465,1913
09-06-15,71.95,72.4,70.35,72.15,242887,1489
08-06-15,71,71.85,70.25,71.4,158266,1515
05-06-15,70.5,71.3,69.65,70.6,254312,1501
04-06-15,70.95,71,68.4,70.3,764800,3115
03-06-15,74.95,74.95,69.2,70.4,876981,3589
02-06-15,76.95,76.95,74.55,75,739577,2058
01-06-15,75.25,76.35,74.35,76.1,224075,1142
29-05-15,75.4,75.5,73.85,74.75,304713,1312
28-05-15,76.8,76.8,73.75,74.05,309622,1499
27-05-15,75,75.9,74.5,75.7,267331,1207
26-05-15,75.1,75.25,74.55,74.95,167940,967
25-05-15,75.75,75.75,74.45,74.85,295533,1550
22-05-15,76.35,76.8,75.6,75.75,311376,1573
21-05-15,77.8,77.8,75.8,76.2,337075,1648
20-05-15,79,79.8,76.85,77.2,1053925,5325
19-05-15,75.9,76.85,74.6,75.85,1198237,5405
18-05-15,72.95,75.35,72.7,75.2,365419,1845
15-05-15,74,74.25,72.65,72.95,251245,1323
14-05-15,73,74,72.75,73.45,288471,1462
13-05-15,72,73.6,71.4,73.1,589333,2738
12-05-15,74.3,74.4,71.25,71.5,407527,2357
11-05-15,74,74.65,73.55,74.2,266618,1401
08-05-15,72.85,74.1,72.65,73.15,321144,5125
07-05-15,73.45,73.5,70.55,71.65,602045,7337
06-05-15,76.15,76.15,73.2,73.35,576802,7429
05-05-15,77.7,77.7,76,76.2,359970,4441
04-05-15,77.5,77.5,76.25,77.2,277447,3504
30-04-15,77.4,77.55,74.65,75.85,464134,4422
29-04-15,77.95,78.1,77.1,77.35,151733,1647
28-04-15,77.95,78.5,76.7,77.8,218500,2245
27-04-15,77.95,79.05,77.35,77.5,210379,2182
24-04-15,79.15,79.2,77.6,77.95,183916,2003
23-04-15,79.3,80.3,78.4,79,309690,3228
22-04-15,77.55,79.3,76.7,78.75,327975,2966
21-04-15,79.05,79.4,77.3,77.5,1210321,4920
20-04-15,80.95,81,78.45,78.7,5878743,2715
17-04-15,80,81.4,79.4,80.35,258035,2540
16-04-15,81.35,81.4,79.4,80.15,189884,2290
15-04-15,81,82.15,80.05,80.85,433177,5035
13-04-15,79,80.45,79,79.9,418984,16376
10-04-15,78.4,79.5,78,78.9,277841,3169
09-04-15,77.9,78.5,77.4,78.25,169061,2037
08-04-15,78.6,78.9,77.3,77.55,289599,2842
07-04-15,77.9,78.65,77.1,78.3,315825,2971
06-04-15,78,78.2,76.15,77.05,266416,2988
01-04-15,78,78,76.75,77.55,463872,3445
31-03-15,75,77.45,75,77.1,473323,4769
30-03-15,75.6,75.95,73.6,74.55,482763,6467
27-03-15,77,77,74.1,75.1,381294,4090
26-03-15,77.4,78.15,76,76.3,432432,3685
25-03-15,78.5,78.75,77.05,77.2,251504,2590
24-03-15,78.95,79.45,78.25,78.45,240931,2617
23-03-15,79,79.5,78.35,78.8,235292,2751
20-03-15,79.8,80.35,78.65,78.9,280262,3243
19-03-15,80.4,81.7,79.2,79.55,242157,2932
18-03-15,80,82.05,79,80.5,418103,4923
17-03-15,81.9,81.9,80,80.45,383457,3207
16-03-15,80.7,81.4,79.5,80.95,315558,3079
13-03-15,82.2,82.9,79.35,79.7,417928,5523
12-03-15,82.2,82.4,81.3,81.5,305262,2729
11-03-15,81,82.1,80.7,80.9,305844,3003
10-03-15,84,84,80.9,81.15,409918,6856
09-03-15,84.85,84.85,82,82.25,344824,3316
05-03-15,84.7,85.85,84,85.25,320967,3194
04-03-15,88,88.35,83.8,84.35,474109,4152
03-03-15,86.6,87.8,85.5,87.15,518153,4428
02-03-15,85.5,87.4,85.1,86,494108,3880
28-02-15,89.6,89.65,84.7,86.95,1009221,8920
27-02-15,85,87.8,84.55,87.3,837155,10010
26-02-15,82.7,83.7,81.2,82.8,436774,3829
25-02-15,85.95,85.95,82.6,83,364717,3212
24-02-15,85,86.05,83.3,84.55,432417,3183
23-02-15,86.7,87.8,84.55,85.05,484696,4370
20-02-15,88.3,88.45,85.55,85.95,515390,4135
19-02-15,87,88.8,83.6,88.3,801853,6688
18-02-15,84.55,86.75,84.1,86.1,618743,4967
16-02-15,84.6,84.9,83.55,84,486174,3142
13-02-15,84.6,84.6,83.15,84.3,387017,3746
12-02-15,82.2,84.1,81.95,83.7,395581,4354
11-02-15,81.9,82.65,81.5,82.1,381549,3455
10-02-15,79,82.15,78,81.35,829572,7136
09-02-15,80.95,80.95,78.5,80,1133522,7146
06-02-15,84.1,84.4,80.7,82,786152,7994
05-02-15,91.25,91.3,82.55,83.45,1258612,12695
04-02-15,89,91.9,87.8,90.2,1614254,15877
03-02-15,91.7,91.75,86.95,87.3,563890,5011
02-02-15,91.1,92.4,89.3,91.05,643394,6047
30-01-15,88.45,91.5,87.85,90.55,693426,6080
29-01-15,87.75,88.45,86.65,88,420924,3989
28-01-15,89.4,90.15,87.3,87.75,489107,4955
27-01-15,89,91.3,88.25,89.2,894032,7802
23-01-15,83.45,90.65,82.7,88.8,1349564,11964
22-01-15,83.3,83.75,82.65,83.1,202093,1989
21-01-15,82,83.4,81.5,83.2,310220,3166
20-01-15,83,83.65,81.55,82.05,156638,2038
19-01-15,82.65,83.6,82.5,82.8,223086,2258
16-01-15,81.2,82.6,81.1,82.45,252917,2776
15-01-15,79.35,82.25,79.35,81.6,514587,5079
14-01-15,79,79.4,78.25,78.8,169680,2213
13-01-15,80.5,80.5,78.85,79.15,179604,2989
12-01-15,79.45,80.5,79.2,80.25,153187,1851
09-01-15,80.4,81,79,79.8,218873,2438
08-01-15,79,80.35,79,79.95,193075,2459
07-01-15,79.05,80.2,78.2,78.45,366086,4114
06-01-15,82.2,82.3,79.55,79.75,771722,8671
05-01-15,84,84.8,82.8,83,418334,3596
02-01-15,81.8,83.7,81.8,83.35,280751,2338
01-01-15,81.85,82.6,81.85,82.15,188996,1536
31-12-14,81.4,82.45,81.4,82.15,184326,2137
30-12-14,81.1,81.85,81.1,81.45,124202,1415
29-12-14,81.2,82.65,81.1,81.4,298581,2521
26-12-14,81.4,82,80.45,81.2,262946,2476
24-12-14,80.8,82.15,80.7,81.3,299818,2835
23-12-14,83.8,84.35,81.2,81.45,479651,3554
22-12-14,84,84.45,83.4,84.05,251164,2536
19-12-14,82.3,83.9,81.05,83.4,523733,5158
18-12-14,79.65,82,79.65,81.55,375529,4462
17-12-14,80.05,80.9,76.8,78.65,816658,8027
16-12-14,83.45,84.15,79.55,80.05,600371,5927
15-12-14,83.65,85.45,83.6,83.9,293841,3530
12-12-14,85.3,86.15,83.75,84.2,403072,4248
11-12-14,86.55,87.2,84.5,84.75,472789,4028
10-12-14,84.5,89.5,84.5,87,325993,3404
09-12-14,88.55,89.15,84.45,85.4,502273,6296
08-12-14,88.4,91.1,88.4,89.15,258372,2736
05-12-14,89.7,90.6,88.75,89.25,238190,2436
04-12-14,90.7,91.2,88.95,89.25,448694,4574
03-12-14,90.4,91.35,90.1,90.55,254745,2364
02-12-14,90.35,91.55,90.05,90.7,204425,2009
01-12-14,92.9,93.15,90,90.45,174794,2335
28-11-14,92.6,93.65,92.1,93,448242,3937
27-11-14,91.5,92.9,90.5,92.45,395315,3689
26-11-14,89.95,91.85,88.5,90.65,406660,4111
25-11-14,92,92.4,88.7,90.15,450541,4545
24-11-14,88.2,92,88.15,91.75,736311,5442
21-11-14,88.65,89.95,87.8,88.1,207846,2182
20-11-14,89,89.9,87.25,89.4,287026,2783
19-11-14,89.3,90.6,88.3,88.5,300322,3305
18-11-14,88.45,89.85,88.35,88.85,314860,3139
17-11-14,88.7,89.5,87.7,88.45,360762,3210
14-11-14,86.9,89.55,85.5,88.85,757958,7584
13-11-14,91,92,88.25,88.75,413814,4754
12-11-14,93.9,94.1,90.6,91,382549,3734
11-11-14,93,93.8,92.5,93.3,217511,2611
10-11-14,91.3,93.4,90.9,93.15,316256,2716
07-11-14,91.8,92.4,90.65,91.3,222951,2379
05-11-14,94,94.9,90.7,92.05,809318,6187
03-11-14,94,94.6,92.8,93.4,436138,4099
31-10-14,91,94.3,90.55,93.75,843194,7501
30-10-14,90.8,90.95,89.75,90.7,281868,2589
29-10-14,91.5,91.6,89.7,90.85,1314846,5759
28-10-14,88.5,91,87.9,90.8,559782,4692
27-10-14,88.5,89.25,87.4,88.6,598717,3614
23-10-14,88.4,88.6,87.8,88.05,123457,1796
22-10-14,88.6,88.85,87.1,87.75,207974,2088
21-10-14,87.65,88.5,87.5,87.85,329054,3775
20-10-14,86.15,87.3,85.65,86.8,334460,2543
17-10-14,83.5,86.7,82.65,85.5,592161,5767
16-10-14,86.5,86.5,83.2,83.85,515581,3733
14-10-14,85.9,87.4,85.05,86.7,464675,4740
13-10-14,82,85.35,81.65,85.1,399159,3580
10-10-14,84.3,84.3,82.25,82.7,186753,2541
09-10-14,82.95,84.65,82.75,84.45,297653,3098
08-10-14,81,82.6,81,82.35,617705,3803
07-10-14,80.75,81.65,79.8,81.15,1681584,4514
01-10-14,83.25,83.25,80.4,80.95,572466,5331
30-09-14,84.2,85,82.65,83,373927,3632
29-09-14,84.95,84.95,83,83.7,460839,3961
26-09-14,83,84.5,82,84.3,467240,4490
25-09-14,84.6,85.55,83.1,83.5,485906,4174
24-09-14,85.5,87,82.15,85.25,1057142,10469
23-09-14,87.6,87.6,84.7,84.95,406437,4050
22-09-14,87.7,87.75,86.65,87.05,247458,2389
19-09-14,90,90,87.7,87.95,555439,5944
18-09-14,85.5,88.55,84.65,88,424839,4749
17-09-14,84.8,85.8,84.15,85.55,544441,6855
16-09-14,88.4,89.4,82.8,83.7,911246,8227
15-09-14,89.2,89.8,88.05,88.9,393512,5271
12-09-14,91,91.15,89.2,89.4,420601,3964
11-09-14,90.6,91.35,89.4,90.9,441890,7109
10-09-14,88.3,90.8,88,89.9,497172,5137
09-09-14,88.55,89.2,87.8,88.5,981813,5322
08-09-14,88.5,89.5,87.35,87.95,432942,4869
05-09-14,89,89.7,87.8,88.25,355185,3859
04-09-14,90,90,87.7,89.3,315240,3581
03-09-14,90.1,90.65,89.1,90.05,628353,6061
02-09-14,91,91.2,88.85,89.1,481105,4578
01-09-14,87.95,90.3,87,90.05,435331,4342
28-08-14,88.5,89.05,86.6,86.9,429922,4513
27-08-14,88,89.5,87.8,88.65,398254,4259
26-08-14,88,88.25,86.25,87.85,802926,8759
25-08-14,93.75,94.2,90,90.35,627957,5404
22-08-14,93.8,94.6,93.15,93.55,393880,3856
21-08-14,94.6,95.3,93,93.3,504623,4846
20-08-14,93.1,94.95,92.3,94.35,684636,7676
19-08-14,92.75,93.45,92.25,92.75,403614,4447
18-08-14,91.9,94.6,91.35,92,801462,7798
14-08-14,89,91.05,88.15,90.7,720909,7165
13-08-14,88.75,90.7,87.45,88.6,692353,7747
12-08-14,91.7,93.45,89.55,91,798445,9574
11-08-14,92.3,92.5,90.1,90.75,458342,5332
08-08-14,94,94,91.1,91.45,506038,5876
07-08-14,96,96.4,94.8,95.05,238603,2910
06-08-14,96.85,97.95,95.5,95.75,530791,5672
05-08-14,96.65,97.15,95.45,96.65,394471,4365
04-08-14,95.3,96.9,94.2,96.15,617291,5750
01-08-14,97.35,97.4,94.5,94.95,814929,8597
31-07-14,100,100,97.2,97.95,876754,8243
30-07-14,101.2,101.8,98.3,99.6,398855,5262
28-07-14,101,102,100.3,101.15,288264,3741
25-07-14,103.5,103.95,100.05,100.85,370664,4529
24-07-14,103.1,104.4,102.65,103.45,298901,3461
23-07-14,104.6,104.9,102.45,103.05,421383,4542
22-07-14,104.45,105.6,103.45,104.35,497321,4965
21-07-14,106,106.8,103.6,103.9,531662,5316
18-07-14,107.95,108.1,104.8,105.75,672196,7199
17-07-14,105.2,109.55,104.2,108.55,1012294,9125
16-07-14,105.05,105.5,103.6,104.85,409687,3491
15-07-14,105,105.85,102.9,104.45,383730,5665
14-07-14,102.35,105.5,102.2,104.7,591270,6757
11-07-14,107,107.85,101.3,101.85,1215045,12444
10-07-14,105,108.7,99.35,105.65,1759089,16663
09-07-14,105.9,106,100.15,102.85,1016147,11563
08-07-14,111.85,112.1,104.3,105.45,1098207,10427
07-07-14,110,111.45,109.5,111.05,1157741,11686
04-07-14,107.3,108.2,104.55,107.2,705501,5690
03-07-14,109.5,109.5,106.25,106.9,153656,1698
02-07-14,109,109.8,108.4,108.95,769864,6863
01-07-14,107.25,109,107.25,108.1,1012549,7135
30-06-14,104.7,108.4,104.45,107.75,854952,7948
27-06-14,104,104.55,102.6,103.8,524902,3919
26-06-14,105,105.75,103,103.45,544160,4747
25-06-14,104,105.2,103.6,104.7,382133,4398
24-06-14,102.7,105.15,102,103.7,642212,6322
23-06-14,102.5,102.9,100.65,101.6,608068,5442
20-06-14,102,103.65,100.8,101.35,729144,7772
19-06-14,105.6,106.9,103.55,104.2,447436,4965
18-06-14,107,108.2,103.5,105.05,757432,8083
17-06-14,106.2,107,103.3,106.5,881932,7333
16-06-14,103.05,106.4,98.65,105.35,1066856,10779
13-06-14,107.2,108.8,102.2,103.6,919119,9103
12-06-14,107.6,109.1,105.1,106.9,970392,8342
11-06-14,113.05,113.05,106.15,106.9,1894627,13390
10-06-14,114.7,115,109,112.5,1418973,12322
09-06-14,112.5,115.25,112.1,113.7,1631447,15136
06-06-14,111.8,112.35,108.7,110.8,2135503,16051
05-06-14,105.5,110.8,103.2,109.7,2371850,18840
04-06-14,106,107.1,104.5,105.85,1198118,9878
03-06-14,106.5,106.9,104.35,105.7,1225219,10361
02-06-14,105,106.55,102.85,105.95,962982,10501
30-05-14,100.6,104.9,100.1,103.85,914790,9660
29-05-14,104.35,104.65,100.5,101.2,1120168,11928
28-05-14,98.5,103.5,96.75,102.3,1375138,14260
27-05-14,102.1,103.95,96.6,98.65,1218106,13075
26-05-14,108.2,109.45,95.75,101.4,2643936,23761
23-05-14,101.35,106.7,100.15,105.75,7447742,45468
22-05-14,97.8,100.9,96.4,99.45,1257615,10772
21-05-14,98,98.8,95.1,96.3,1008885,8713
20-05-14,99.7,100.65,96.4,97.5,1347290,11092
19-05-14,92,98.6,92,97.8,2008583,18499
16-05-14,90,92.95,88.35,90.6,2182402,20815
15-05-14,85.5,88.6,85.25,87.35,1370523,11811
14-05-14,85.8,85.8,83.9,84.75,457923,4507
13-05-14,82.5,86,82.5,84.55,1221424,10402
12-05-14,81,82,80.05,81.6,621296,6624
09-05-14,77,80.95,77,80.55,728990,6976
08-05-14,77.05,77.4,75.85,76.3,281735,3409
07-05-14,77.65,77.9,76.7,76.9,323102,3419
06-05-14,79,79.55,76.85,77.7,375910,3494
05-05-14,80,80.45,78.4,78.7,234060,2498
02-05-14,78.9,80.45,78.5,79.95,441534,5143
30-04-14,80.7,81.75,77.4,78.05,2221988,8002
29-04-14,83.4,83.6,80.3,80.9,406367,3817
28-04-14,80.15,84.1,80.15,83.1,782815,2247
25-04-14,84,84.6,82.6,82.9,346017,3067
23-04-14,84,85,83.15,83.75,319748,3005
22-04-14,84.05,85,82.25,83.8,746880,4716
21-04-14,83.5,85.25,83.2,83.45,374553,2807
17-04-14,82,84.1,81.55,83.7,424811,3967
16-04-14,84.5,86,81.1,81.55,514813,4907
15-04-14,87,87,84,84.6,489096,4313
11-04-14,87.5,87.65,85.8,86.25,759181,5825
10-04-14,84.25,87.85,83.9,87.25,1240037,10979
09-04-14,83.25,84.4,82.65,83.8,455801,4198
07-04-14,84.6,85,82.15,82.95,433081,2717
04-04-14,83.75,84.6,83.1,83.35,564975,4056
03-04-14,85.2,85.6,83,84.3,524817,3152
02-04-14,85,85.65,83.5,84.9,1235186,3802
01-04-14,85,85.4,83.3,84.1,457207,2933
31-03-14,87,87.85,84.25,84.8,698190,3967
28-03-14,82.2,86.85,82.2,86.4,1165647,6824
27-03-14,82,82.9,80.6,82.65,694785,3219
26-03-14,81.95,82.8,80.95,81.6,507119,3304
25-03-14,80.9,81.55,80.2,81.35,480834,2760
24-03-14,80.45,81.15,79.65,80.35,421474,3857
22-03-14,80,80,79,79.3,79691,448
21-03-14,78,80,78,79.7,481510,2755
20-03-14,79.3,79.65,77.8,78.05,441784,3275
19-03-14,81.7,82.85,79.2,79.45,620187,4429
18-03-14,80.1,82.32,79.9,80.97,939159,5742
14-03-14,79.61,81.83,79.61,80.24,567703,4273
13-03-14,80.1,82.61,79.37,80.24,846220,6898
12-03-14,79.57,80.68,78.75,80.34,787557,4603
11-03-14,77.25,80.29,77.25,79.32,1279185,9807
10-03-14,76.62,77.49,75.08,76.19,499821,3481
07-03-14,76.24,77.11,75.27,76.38,540768,3833
06-03-14,75.27,76.19,75.03,75.75,1117580,3786
05-03-14,77.78,77.83,74.45,74.74,542212,3482
04-03-14,75.51,77.78,75.27,77.25,407332,3444
03-03-14,76.14,76.96,75.03,75.46,316561,2552
28-02-14,76.86,77.73,75.46,76.09,447982,2877
26-02-14,78.6,79.04,76.24,76.67,433701,2663
25-02-14,80.48,80.53,77.54,78.12,484045,2956
24-02-14,80.1,81.54,78.75,79.76,1834046,9717
21-02-14,76.24,77.11,75.42,75.95,456850,4004
20-02-14,74.69,77.01,73.44,75.66,497471,3713
19-02-14,76.53,76.72,74.55,74.98,307305,2387
18-02-14,74.98,76.91,73.39,76.53,616825,4785
17-02-14,71.8,74.93,71.8,74.69,541050,6396
14-02-14,71.27,71.7,70.45,71.27,171462,1241
13-02-14,72.86,72.96,70.49,70.59,170722,1336
12-02-14,73.15,74.07,72.14,72.57,161868,1118
11-02-14,72.76,73.82,72.38,73.2,161177,1643
10-02-14,72.38,73.29,71.94,72.76,134251,1212
07-02-14,73.82,73.97,71.17,72.38,814248,6322
06-02-14,71.12,73.1,70.83,72.62,539745,4041
05-02-14,70.4,70.93,69.63,70.35,145422,1371
04-02-14,69.67,70.93,69,70.16,248634,1851
03-02-14,72.81,73.92,70.01,70.16,426785,2934
31-01-14,69.53,71.85,69.34,71.36,284763,2310
30-01-14,69.87,69.92,68.95,69.48,278113,1798
29-01-14,71.36,71.56,70.25,70.45,208619,1315
28-01-14,70.06,71.65,69.34,70.74,363978,2640
27-01-14,72.38,72.38,69.77,70.06,385199,3642
24-01-14,74.16,74.45,72.71,73.1,290101,2154
23-01-14,74.07,74.93,74.07,74.26,212679,1614
22-01-14,74.16,74.79,73.44,74.16,289071,2060
21-01-14,75.27,75.32,74.07,74.26,375319,2483
20-01-14,75.51,75.95,74.5,74.89,243624,2078
17-01-14,75.46,77.11,75.32,75.66,332452,2957
16-01-14,75.95,76.38,75.27,75.42,179710,1383
15-01-14,75.08,76.24,75.08,75.75,215133,1607
14-01-14,75.66,75.95,75.03,75.37,286469,2221
13-01-14,77.2,78.36,75.27,76.04,426803,4632
10-01-14,78.46,78.65,76.72,77.59,329893,2957
09-01-14,78.26,79.37,77.44,78.31,482425,3688
08-01-14,77.25,78.65,76.72,78.17,564213,4938
07-01-14,79.08,79.66,76.53,76.77,900861,6071
06-01-14,81.01,81.21,78.31,79.04,968557,8012
03-01-14,83.96,83.96,78.75,81.11,1318156,12378
02-01-14,87.43,88.11,84,84.34,823000,4382
01-01-14,87.82,88.59,86.66,87.19,1035813,3302
31-12-13,85.6,88.78,85.6,88.15,550155,4496
30-12-13,85.89,86.76,85.4,85.74,265928,1777
27-12-13,87.24,87.58,85.98,86.47,333679,2514
26-12-13,83.33,87.09,82.99,86.56,1023086,6782
24-12-13,84.73,85.4,82.99,83.18,639385,3900
23-12-13,86.85,87.72,85.69,85.94,401363,2963
20-12-13,86.56,87.72,84.92,87.43,368913,2478
19-12-13,88.78,89.17,86.08,86.32,470981,2994
18-12-13,84.34,88.69,83.96,88.2,532591,3915
17-12-13,86.32,88.06,84.54,84.78,669147,4976
16-12-13,83.86,87.43,82.61,85.55,490918,3387
13-12-13,86.08,86.13,83.67,83.91,473839,3273
12-12-13,82.17,88.2,81.93,86.08,1414727,9419
11-12-13,83.96,84.87,82.7,82.9,281042,1634
10-12-13,85.98,86.61,83.52,84.63,371338,2822
09-12-13,86.95,89.22,85.31,85.94,726249,5461
06-12-13,80.77,85.98,80.58,85.02,1484386,12332
05-12-13,80.29,81.45,79.9,80.53,691036,5407
04-12-13,77.25,79.76,77.11,79.13,993558,5503
03-12-13,77.15,78.17,76.33,77.25,396773,2547
02-12-13,77.2,78.02,76.57,77.15,273318,2093
29-11-13,76.04,77.3,75.66,76.72,398505,2692
28-11-13,74.98,76.48,74.98,75.37,417811,3753
27-11-13,74.74,75.27,74.4,74.84,194093,1488
26-11-13,75.46,75.85,74.69,74.98,267366,2220
25-11-13,74.35,75.8,74.35,75.51,298961,1844
22-11-13,75.37,75.46,73.92,74.31,521196,3238
21-11-13,76.91,76.96,74.4,74.69,386513,2576
20-11-13,76.19,77.73,76.19,76.67,347346,2437
19-11-13,76.24,76.67,75.75,76.09,354098,2151
18-11-13,76.28,77.06,75.03,76.09,528064,3859
14-11-13,76.24,77.39,74.79,75.95,955254,6920
13-11-13,76.24,76.53,74.89,75.13,369188,2487
12-11-13,79.13,79.52,76.28,76.48,435004,4987
11-11-13,79.13,79.47,77.88,78.6,179105,1633
08-11-13,79.13,79.9,78.75,79.42,149634,1386
07-11-13,81.3,82.03,78.84,79.18,375799,2838
06-11-13,81.01,82.8,80.1,81.16,866100,5229
05-11-13,78.79,81.64,78.75,80.53,566992,4135
03-11-13,80.1,80.58,79.61,80.24,107870,1170
01-11-13,78.55,80.05,78.55,79.57,304861,2611
31-10-13,77.93,79.61,77.2,79.18,322973,2287
30-10-13,77.2,78.65,77.06,77.64,243937,1944
29-10-13,77.01,78.6,76.24,78.26,258830,2279
28-10-13,77.54,78.41,75.75,76.43,261273,2067
25-10-13,78.07,78.46,76.91,77.2,261324,2874
24-10-13,79.28,80.39,77.83,78.12,320236,2677
23-10-13,79.57,80.97,78.02,78.89,550394,6296
22-10-13,76.96,79.66,76.96,79.13,611436,4277
21-10-13,77.2,77.88,77.01,77.11,305100,2537
18-10-13,76.14,77.25,76.14,76.96,198950,2619
17-10-13,77.11,78.17,75.61,76,371060,2433
15-10-13,78.89,79.08,76.24,76.53,275192,2419
14-10-13,78.84,79.57,77.88,78.12,296458,2639
11-10-13,81.35,82.03,78.26,78.94,565693,4434
10-10-13,82.94,82.94,80.58,81.01,328756,2814
09-10-13,81.35,82.99,80.68,82.85,532553,5088
08-10-13,79.23,81.83,79.23,81.16,1439473,5447
07-10-13,77.93,79.13,76.67,78.89,301881,2376
04-10-13,78.75,78.79,76.48,78.12,307738,2717
03-10-13,75.75,78.6,75.51,78.31,372078,3221
01-10-13,78.75,78.75,74.89,75.27,418124,3524
30-09-13,78.89,78.89,77.35,78.26,195715,1443
27-09-13,79.23,80.58,78.65,78.79,305398,2384
26-09-13,78.6,80,77.93,79.47,312946,3803
25-09-13,79.71,79.81,77.73,78.41,506253,6958
24-09-13,76.38,78.26,75.66,78.02,300539,2598
23-09-13,78.31,80.97,76,76.38,468039,4222
20-09-13,81.74,82.03,76.53,79.28,699463,4585
19-09-13,76.96,80.68,76.04,80.1,805752,7636
18-09-13,73.25,75.66,73.15,75.22,336815,2935
17-09-13,73.34,74.21,72.18,72.96,276234,2412
16-09-13,76.28,77.39,73.05,73.63,444734,3328
13-09-13,74.26,76.14,74.26,75.51,646551,6069
12-09-13,72.62,76.24,72.38,73.87,1188470,9587
11-09-13,70.25,72.91,69.96,71.89,869537,6370
10-09-13,69.05,70.21,68.76,69.87,526331,4750
06-09-13,71.31,71.41,67.36,68.42,1071902,7844
05-09-13,71.41,72.28,69.96,70.25,499227,3526
04-09-13,69.87,71.22,68.66,70.45,302615,2259
03-09-13,71.56,72.86,68.95,69.53,527655,4510
02-09-13,74.31,74.4,71.46,71.85,499336,3410
30-08-13,74.21,74.89,70.45,73.15,318437,2595
29-08-13,74.79,75.27,73.49,74.26,598636,2999
28-08-13,71.41,75.27,70.3,74.31,564773,4547
27-08-13,74.93,76.04,71.41,71.94,755147,3830
26-08-13,76.24,78.89,74.21,75.03,578522,5166
23-08-13,73.29,75.8,71.46,75.32,544510,4597
22-08-13,71.41,73.25,70.59,72.33,279213,2556
21-08-13,71.94,73.82,70.01,71.12,659429,4142
20-08-13,72.38,73.34,70.54,71.03,402153,5161
19-08-13,72.09,73.25,70.74,72.42,443486,5583
16-08-13,75.75,75.75,69.96,70.69,383905,3450
14-08-13,74.07,75.61,71.41,75.13,466712,4002
13-08-13,72.71,74.21,71.94,73.63,207934,2255
12-08-13,74.79,75.27,72.09,72.52,423651,3515
08-08-13,73.92,75.61,72.38,74.98,561225,4328
07-08-13,68.42,75.18,66.2,74.26,1625918,13891
06-08-13,80.1,80.1,65.86,68.85,2624235,22017
05-08-13,82.03,82.03,78.99,80.77,280307,3634
02-08-13,84.73,84.73,80.58,81.4,148014,1259
01-08-13,85.79,85.98,83.72,84.73,121694,1150
31-07-13,83.04,85.65,82.65,84.87,170443,1771
30-07-13,85.11,85.45,82.51,83.04,81161,832
29-07-13,86.85,87.29,84.44,85.02,189754,1421
26-07-13,86.56,87.72,85.4,85.84,193519,1308
25-07-13,89.12,89.12,84.68,86.32,362719,2493
24-07-13,90.71,91.82,88.54,89.17,288071,2325
23-07-13,90.33,91.44,90.33,91,202881,1647
22-07-13,89.26,90.47,89.07,90.18,135272,1287
19-07-13,89.46,89.94,87.48,89.17,158198,1295
18-07-13,87.82,90.13,87.77,89.75,260239,2205
17-07-13,86.18,87.96,86.18,87.77,223274,2336
16-07-13,84.49,86.66,83.96,86.08,142926,1820
15-07-13,86.37,87.43,84.92,85.31,182362,1715
12-07-13,85.11,86.66,83.47,86.32,234918,1934
11-07-13,83.96,85.98,83.96,85.16,203903,1605
10-07-13,83.96,84.2,82.61,83.28,152261,1597
09-07-13,82.03,83.96,82.03,82.56,163954,1105
08-07-13,82.03,82.7,81.45,82.03,141819,1233
05-07-13,83.43,84.44,82.22,82.61,197809,1722
04-07-13,81.06,82.99,79.81,82.46,237468,2341
03-07-13,83.04,83.43,79.13,79.61,232440,2696
02-07-13,84.49,84.87,83.33,83.72,180282,1656
01-07-13,86.08,86.08,84.49,85.31,429746,4771
28-06-13,78.17,83.47,78.17,83.04,411089,3135
27-06-13,77.97,79.52,77.97,78.55,176044,1398
26-06-13,77.2,78.84,77.15,77.68,249989,1782
25-06-13,79.13,79.61,76.62,77.59,210876,1594
24-06-13,78.94,80,77.97,79.23,201052,1846
21-06-13,78.17,81.93,78.17,78.75,485803,4144
20-06-13,78.12,80,76.48,78.17,263202,2020
19-06-13,80.53,80.87,79.08,79.71,216861,1383
18-06-13,79.13,81.01,77.49,80.34,379969,2936
17-06-13,78.55,79.71,77.49,79.42,173644,1564
14-06-13,77.11,78.46,75.56,78.12,270472,1561
13-06-13,77.11,77.88,74.55,75.32,503158,2403
12-06-13,79.66,80.24,76.86,77.25,414940,2388
11-06-13,84.83,84.83,78.21,79.66,367863,2654
10-06-13,86.71,86.71,84.29,84.63,320312,1066
07-06-13,85.4,86.18,85.26,85.55,207340,1284
06-06-13,85.84,85.89,84.83,85.07,313035,1208
05-06-13,86.13,86.37,85.11,85.84,156887,973
04-06-13,85.16,86.56,84.73,85.94,167141,1475
03-06-13,86.37,86.47,84.63,85.11,172206,1112
31-05-13,87.62,88.69,85.69,86.13,233060,1808
30-05-13,87.04,88.15,86.47,87.14,307007,2057
29-05-13,87.62,87.82,86.47,86.85,234789,1084
28-05-13,88.54,88.69,87.48,87.77,203148,1406
27-05-13,88.3,88.93,87.33,88.44,243874,1237
24-05-13,85.89,88.49,84,88.2,380973,2375
23-05-13,87.82,87.82,84.58,85.02,408410,2491
22-05-13,89.8,89.94,87.33,87.58,447475,2492
21-05-13,90.42,91.29,89.26,89.51,315871,2097
20-05-13,90.9,91.44,90.04,90.28,223002,1513
17-05-13,89.94,90.9,89.94,90.62,196369,1276
16-05-13,91.48,91.48,89.75,89.89,304959,1898
15-05-13,90.71,91.48,90.42,90.76,226112,1776
14-05-13,89.8,91.05,88.78,90.62,266340,2531
13-05-13,91.15,91.24,89.51,89.8,208862,1410
11-05-13,90.81,91.29,90.81,90.95,30614,153
10-05-13,90.71,91.24,90.52,90.71,211221,1214
09-05-13,90.81,91.29,90.18,90.66,254437,1610
08-05-13,91.15,91.58,90.47,90.66,207595,1536
07-05-13,91.68,91.68,90.47,90.71,1118662,2409
06-05-13,90.71,91.19,89.84,90.76,198458,1376
03-05-13,91.1,91.63,90.28,90.47,234700,1686
02-05-13,91.29,92.06,90.71,91.1,250089,1396
30-04-13,92.35,92.64,90.42,91.48,202923,1431
29-04-13,91.68,92.64,91.48,91.97,192698,1212
26-04-13,91.63,92.64,91.24,91.58,300422,1324
25-04-13,91.63,92.55,91,91.34,214126,1343
23-04-13,92.35,92.45,90.9,91.39,207947,1214
22-04-13,92.01,92.5,91.53,92.26,147949,1001
18-04-13,91.44,91.97,90.81,91.68,194649,1125
17-04-13,93.61,93.61,91,91.24,194205,1557
16-04-13,94.57,96.21,92.55,92.69,639549,4768
15-04-13,91.68,92.06,90.42,90.86,127540,880
12-04-13,90.71,92.16,90.18,91.82,549044,1092
11-04-13,92.59,92.64,90.37,90.76,624628,901
10-04-13,91.68,92.16,90.76,91.77,82972,689
09-04-13,93.61,93.8,90.71,91.19,144844,1235
08-04-13,92.83,93.66,91.87,93.03,190559,1104
05-04-13,91.44,92.64,91.19,91.82,117551,799
04-04-13,92.64,93.61,91.19,91.48,255649,2001
03-04-13,93.41,97.8,92.06,92.69,593294,4686
02-04-13,91.68,92.83,91.58,92.01,147388,1029
01-04-13,91.82,93.46,91.73,92.45,171544,863
28-03-13,90.95,93.46,90.37,93.03,223585,1146
26-03-13,92.59,92.74,90.81,91.44,155723,876
25-03-13,94.52,94.52,91.24,92.35,208803,1655
22-03-13,90.81,94.33,90.81,92.5,263739,1858
21-03-13,94.67,96.89,90.42,91.19,483963,2437
20-03-13,94.52,95.34,94.14,95.05,332656,1131
19-03-13,95.01,95.01,92.64,94.43,119844,869
18-03-13,97.47,97.47,94.72,94.96,99529,851
15-03-13,96.98,98.87,96.98,98.34,527072,2096
14-03-13,95.3,97.66,94.09,97.18,210612,1447
13-03-13,94.86,95.01,93.94,94.48,122125,704
12-03-13,97.08,97.71,94.19,94.48,318709,2334
11-03-13,95.54,98,94.96,97.52,341215,2067
08-03-13,94.67,95.73,94.57,95.34,146439,849
07-03-13,96.26,96.26,93.9,94.52,164695,1129
06-03-13,95.54,96.12,94.57,94.76,238254,1564
05-03-13,94.57,95.44,92.64,95.1,577242,1916
04-03-13,93.94,94.76,92.83,93.75,187902,1033
01-03-13,90.71,94.57,89.8,93.75,340096,2572
28-02-13,95.3,95.54,90.23,91.29,276265,2036
27-02-13,93.85,94.67,92.98,93.99,142930,835
26-02-13,94.72,95.1,93.51,93.9,139673,917
25-02-13,93.9,95.05,93.61,94.72,135317,1748
22-02-13,94.38,95.05,92.69,93.85,197922,1433
21-02-13,94.09,94.86,93.32,93.85,226881,1941
20-02-13,93.75,94.43,93.22,93.9,131058,1004
19-02-13,93.08,93.66,92.21,93.51,173548,1523
18-02-13,94.04,94.04,92.16,92.88,203413,1217
15-02-13,91.68,93.8,90.86,93.32,210306,1355
14-02-13,90.71,92.11,89.65,91.68,197216,1546
13-02-13,93.61,93.7,90.52,90.95,253878,2122
12-02-13,94.04,94.09,92.93,93.46,210516,1407
11-02-13,94.09,94.86,92.11,94.19,751379,5431
08-02-13,93.99,94.48,92.64,93.7,320671,2036
07-02-13,95.54,95.83,93.41,93.61,277055,2519
06-02-13,95.25,96.84,94.91,95.49,297719,2019
05-02-13,95.83,97.8,95.1,95.34,1319473,2944
04-02-13,99.73,99.78,96.55,96.79,217925,1429
01-02-13,98.24,99.59,97.66,99.06,3699096,2724
31-01-13,99.83,99.83,97.03,97.66,384423,3147
30-01-13,102.77,102.97,99.54,99.83,156594,2221
29-01-13,102.49,103.84,101.86,102.63,469738,1976
28-01-13,103.21,103.26,102.15,102.39,143185,927
25-01-13,103.31,103.35,101.81,102.49,5204738,1799
24-01-13,106.63,106.73,102.39,103.55,244282,1592
23-01-13,104.42,106.49,102.53,106.01,365924,2424
22-01-13,105.19,105.19,102.39,103.55,168480,1314
21-01-13,105.19,105.33,103.06,104.66,266129,1487
18-01-13,104.03,104.95,101.33,104.42,244434,1848
17-01-13,102.92,103.16,101.47,102.82,122865,923
16-01-13,105.14,105.14,101.91,102.39,177456,1214
15-01-13,103.21,104.85,101.91,104.03,196086,2027
14-01-13,103.69,103.69,102.15,102.49,131517,932
11-01-13,105.09,105.19,102.77,103.06,154655,1108
10-01-13,105.33,106.3,104.42,104.95,121759,1090
09-01-13,106.59,107.07,104.8,105.33,209056,1732
08-01-13,105.09,106.06,104.17,105.62,132129,1072
07-01-13,106.63,106.68,104.8,104.99,227850,1158
04-01-13,106.15,106.59,104.7,106.25,248571,1599
03-01-13,108.56,108.56,105.86,106.25,198322,1363
02-01-13,107.6,108.32,107.41,107.74,317146,1910
01-01-13,106.92,107.84,106.63,107.17,388673,2220
31-12-12,105.43,106.68,104.95,106.49,356512,1643
28-12-12,105.33,106.06,104.85,105.24,189649,1175
27-12-12,105.96,105.96,103.84,104.8,206686,1498
26-12-12,103.64,105.19,102.58,104.95,327048,2166
24-12-12,102.73,103.69,102.1,103.35,245283,2300
21-12-12,103.35,103.69,101.52,102.24,1881275,1328
20-12-12,103.98,104.42,102.53,103.93,243782,1745
19-12-12,103.21,104.13,102.34,103.35,274307,1733
18-12-12,103.4,103.64,102.15,102.58,213184,1274
17-12-12,101.33,103.02,100.8,102.44,364035,1311
14-12-12,102.15,102.53,100.56,101.09,212378,2251
13-12-12,102.77,103.45,101.42,102,249056,1413
12-12-12,104.22,104.42,102,102.63,297606,3421
11-12-12,106.15,106.59,102.53,103.59,578557,3517
10-12-12,106.88,106.92,103.93,105.19,517056,3411
07-12-12,106.39,107.02,105.28,105.86,531179,3669
06-12-12,103.98,105.57,102,104.95,462045,3186
05-12-12,109.05,109.24,103.35,103.88,593216,4472
04-12-12,103.69,108.28,103.31,107.84,660013,4289
03-12-12,104.22,104.7,102.58,103.69,220631,1446
30-11-12,102.29,104.46,102.05,103.79,322804,1946
29-11-12,100.17,102.68,99.83,102.15,470568,2573
27-11-12,99.64,100.84,99.4,99.73,193490,1302
26-11-12,99.35,100.17,99.06,99.69,232866,1709
23-11-12,97.47,98.77,96.5,98.48,188950,1284
22-11-12,97.27,97.61,95.59,97.37,223457,1958
21-11-12,94.96,97.08,94.28,96.84,285778,1864
20-11-12,93.61,95.39,93.61,94.96,340861,2262
19-11-12,95.68,96.41,92.98,93.27,306304,2014
16-11-12,96.7,96.98,95.05,95.68,298498,1870
15-11-12,97.23,97.32,95.73,96.7,150135,1261
13-11-12,97.18,97.47,95.59,96.55,123832,1132
12-11-12,98.14,98.38,95.78,96.26,279290,1932
09-11-12,98.77,100.36,97.32,97.66,486800,4339
08-11-12,99.2,99.4,97.47,98.09,427143,3042
07-11-12,101.42,101.91,99.73,100.22,397230,2289
06-11-12,100.46,102.97,100.46,102.73,245613,1616
05-11-12,102.29,103.21,101.18,101.81,194755,1201
02-11-12,102.92,103.74,102,102.77,146410,1028
01-11-12,102.05,103.06,100.94,102.44,186698,1217
31-10-12,101.23,102.97,101.23,102.24,178808,1305
30-10-12,103.02,103.74,101.04,101.57,305816,2419
29-10-12,102.05,103.4,99.4,102.82,296813,1873
26-10-12,101.62,101.81,99.64,100.99,143485,1095
25-10-12,101.57,102.29,101.13,101.38,141929,966
23-10-12,102.05,102.77,101.04,101.47,137813,1076
22-10-12,101.33,103.11,100.22,102.53,261232,1831
19-10-12,103.16,103.26,100.99,101.33,317990,3400
18-10-12,100.94,103.59,100.6,103.21,871184,7201
17-10-12,98.34,100.36,98.34,100.07,355295,2693
16-10-12,100.31,101.13,97.56,98,371364,2686
15-10-12,99.54,100.22,98.14,99.83,245837,1966
12-10-12,98.19,99.73,97.71,98.72,260576,1896
11-10-12,96.55,98.72,96.36,98.24,215775,1869
10-10-12,98.67,98.67,96.31,96.55,359444,2516
09-10-12,97.76,100.36,97.76,98.77,396640,2865
08-10-12,99.88,99.88,97.56,97.9,400369,3187
05-10-12,101.81,102.68,98.09,100.41,629328,3528
